Date,HSI,DTI,CTI
2012-08-01,570,642,
2012-08-02,558,638,
2012-08-03,552,634,
2012-08-06,544,626,
2012-08-07,539,623,
2012-08-08,538,619,
2012-08-09,535,615,
2012-08-10,531,613,
2012-08-13,523,612,
2012-08-14,512,608,
2012-08-15,506,604,
2012-08-16,502,604,
2012-08-17,496,606,
2012-08-20,490,608,
2012-08-21,485,610,
2012-08-22,481,614,
2012-08-23,477,617,
2012-08-24,474,617,
2012-08-28,472,618,
2012-08-29,466,620,
2012-08-30,463,622,
2012-08-31,459,626,
2012-09-03,458,627,
2012-09-04,456,628,
2012-09-05,455,626,
2012-09-06,457,628,
2012-09-07,458,631,
2012-09-10,461,634,
2012-09-11,466,637,
2012-09-12,471,635,
2012-09-13,475,634,
2012-09-14,477,633,
2012-09-17,479,634,
2012-09-18,480,635,
2012-09-19,480,637,
2012-09-20,482,642,
2012-09-21,484,643,
2012-09-24,486,642,
2012-09-25,483,640,
2012-09-26,479,638,
2012-09-27,476,640,
2012-09-28,472,646,
2012-10-01,467,649,
2012-10-02,454,652,
2012-10-03,448,656,
2012-10-04,445,660,
2012-10-05,444,664,
2012-10-08,444,664,
2012-10-09,442,662,
2012-10-10,442,662,
2012-10-11,444,663,
2012-10-12,444,665,
2012-10-15,444,667,
2012-10-16,443,668,
2012-10-17,443,668,
2012-10-18,444,670,
2012-10-19,445,672,
2012-10-22,445,676,
2012-10-23,442,680,
2012-10-24,440,681,
2012-10-25,437,683,
2012-10-26,434,681,
2012-10-29,432,678,
2012-10-30,430,675,
2012-10-31,429,672,
2012-11-01,426,674,
2012-11-02,422,672,
2012-11-05,419,667,
2012-11-06,416,659,
2012-11-07,412,655,
2012-11-08,409,662,
2012-11-09,407,667,
2012-11-12,405,680,
2012-11-13,405,687,
2012-11-14,402,700,
2012-11-15,403,713,
2012-11-16,405,715,
2012-11-19,407,715,
2012-11-20,409,723,
2012-11-21,416,723,
2012-11-22,424,725,
2012-11-23,431,723,
2012-11-26,434,723,
2012-11-27,438,721,
2012-11-28,442,719,
2012-11-29,446,708,
2012-11-30,448,705,
2012-12-03,448,705,
2012-12-04,447,703,
2012-12-05,446,701,
2012-12-06,446,702,
2012-12-07,447,706,
2012-12-10,447,707,
2012-12-11,447,711,
2012-12-12,444,724,
2012-12-13,443,730,
2012-12-14,443,741,
2012-12-17,444,746,
2012-12-18,444,754,
2012-12-19,444,774,
2012-12-20,445,779,
2012-12-21,446,778,
2012-12-24,447,774,
2013-01-02,446,764,
2013-01-03,447,696,
2013-01-04,446,689,
2013-01-07,443,679,
2013-01-08,442,671,
2013-01-09,443,663,
2013-01-10,443,654,
2013-01-11,448,646,
2013-01-14,451,641,
2013-01-15,454,637,
2013-01-16,457,633,
2013-01-17,464,631,
2013-01-18,470,630,
2013-01-21,474,630,
2013-01-22,477,633,
2013-01-23,478,632,
2013-01-24,478,636,
2013-01-25,475,647,
2013-01-28,472,646,
2013-01-29,467,637,
2013-01-30,461,632,
2013-01-31,455,636,
2013-02-01,449,636,
2013-02-04,444,635,
2013-02-05,438,634,
2013-02-06,431,632,
2013-02-07,425,636,
2013-02-08,421,638,
2013-02-11,418,640,
2013-02-12,417,643,
2013-02-13,414,647,
2013-02-14,412,655,
2013-02-15,412,657,
2013-02-18,411,661,
2013-02-19,411,659,
2013-02-20,410,658,
2013-02-21,411,669,
2013-02-22,412,673,
2013-02-25,414,677,
2013-02-26,419,683,
2013-02-27,426,686,
2013-02-28,436,692,
2013-03-01,447,697,
2013-03-04,454,700,
2013-03-05,466,696,
2013-03-06,472,690,
2013-03-07,478,686,
2013-03-08,483,681,
2013-03-11,485,674,
2013-03-12,486,666,
2013-03-13,490,661,
2013-03-14,494,661,
2013-03-15,506,669,
2013-03-18,513,663,
2013-03-19,522,662,
2013-03-20,532,659,
2013-03-21,539,664,
2013-03-22,542,671,
2013-03-25,543,677,
2013-03-26,545,675,
2013-03-27,547,669,
2013-03-28,547,663,
2013-04-02,543,661,
2013-04-03,537,658,
2013-04-04,529,659,
2013-04-05,525,677,
2013-04-08,523,707,
2013-04-09,518,712,
2013-04-10,518,709,
2013-04-11,521,702,
2013-04-12,526,682,
2013-04-15,528,674,
2013-04-16,531,663,
2013-04-17,537,638,
2013-04-18,538,630,
2013-04-19,539,632,
2013-04-22,540,634,
2013-04-23,540,638,
2013-04-24,543,638,
2013-04-25,544,626,
2013-04-26,545,622,
2013-04-29,545,623,
2013-04-30,544,621,
2013-05-01,545,619,
2013-05-02,546,623,
2013-05-03,546,623,
2013-05-07,546,622,
2013-05-08,548,620,
2013-05-09,551,616,
2013-05-10,551,620,
2013-05-13,553,617,
2013-05-14,555,615,
2013-05-15,555,615,
2013-05-16,554,614,
2013-05-17,553,611,
2013-05-20,555,612,
2013-05-21,554,609,
2013-05-22,552,605,
2013-05-23,551,603,
2013-05-24,546,604,
2013-05-28,545,606,
2013-05-29,543,609,
2013-05-30,537,614,
2013-05-31,533,614,
2013-06-03,529,612,
2013-06-04,526,610,
2013-06-05,521,609,
2013-06-06,521,608,
2013-06-07,524,605,
2013-06-10,525,602,
2013-06-11,525,603,
2013-06-12,525,601,
2013-06-13,528,594,
2013-06-14,533,590,
2013-06-17,539,587,
2013-06-18,544,586,
2013-06-19,547,583,
2013-06-20,548,580,
2013-06-21,552,580,
2013-06-24,552,584,
2013-06-25,552,583,
2013-06-26,554,580,
2013-06-27,558,577,
2013-06-28,564,577,
2013-07-01,566,577,
2013-07-02,569,580,
2013-07-03,569,587,
2013-07-04,568,589,
2013-07-05,568,598,
2013-07-08,568,603,
2013-07-09,566,606,
2013-07-10,564,609,
2013-07-11,561,611,
2013-07-12,561,613,
2013-07-15,560,612,
2013-07-16,559,611,
2013-07-17,556,609,
2013-07-18,550,617,
2013-07-19,544,630,
2013-07-22,541,650,
2013-07-23,539,650,
2013-07-24,539,649,
2013-07-25,535,646,
2013-07-26,534,650,
2013-07-29,534,653,
2013-07-30,532,650,
2013-07-31,531,638,
2013-08-01,530,624,
2013-08-02,529,618,
2013-08-05,527,618,
2013-08-06,526,618,
2013-08-07,525,618,
2013-08-08,522,621,
2013-08-09,521,629,
2013-08-12,518,632,
2013-08-13,516,631,
2013-08-14,518,631,
2013-08-15,517,642,
2013-08-16,517,645,
2013-08-19,519,644,
2013-08-20,520,647,
2013-08-21,522,653,
2013-08-22,525,663,
2013-08-23,528,663,
2013-08-27,531,658,
2013-08-28,531,645,
2013-08-29,530,642,
2013-08-30,531,630,
2013-09-02,534,622,
2013-09-03,534,618,
2013-09-04,535,608,
2013-09-05,534,604,
2013-09-06,537,598,
2013-09-09,540,593,
2013-09-10,542,587,
2013-09-11,543,583,
2013-09-12,545,583,
2013-09-13,544,585,
2013-09-16,547,583,
2013-09-17,548,582,
2013-09-18,549,582,
2013-09-19,554,580,
2013-09-20,558,580,
2013-09-23,561,589,
2013-09-24,567,585,
2013-09-25,576,586,
2013-09-26,585,588,
2013-09-27,594,587,
2013-09-30,597,586,
2013-10-01,597,584,
2013-10-02,599,586,
2013-10-03,602,587,
2013-10-04,609,594,
2013-10-07,618,601,
2013-10-08,622,599,
2013-10-09,629,601,
2013-10-10,630,595,
2013-10-11,632,591,
2013-10-14,634,587,
2013-10-15,637,586,
2013-10-16,634,589,
2013-10-17,632,607,
2013-10-18,634,617,
2013-10-21,635,621,
2013-10-22,636,621,
2013-10-23,639,617,
2013-10-24,644,614,
2013-10-25,649,596,
2013-10-28,653,600,
2013-10-29,656,599,
2013-10-30,660,596,
2013-10-31,665,591,
2013-11-01,669,595,
2013-11-04,673,604,
2013-11-05,678,608,
2013-11-06,681,615,
2013-11-07,685,623,
2013-11-08,690,631,
2013-11-11,692,635,
2013-11-12,693,635,
2013-11-13,696,639,
2013-11-14,699,643,
2013-11-15,703,647,
2013-11-18,705,642,
2013-11-19,708,647,
2013-11-20,715,650,
2013-11-21,721,655,
2013-11-22,728,652,
2013-11-25,732,652,
2013-11-26,737,652,
2013-11-27,745,653,
2013-11-28,757,666,
2013-11-29,764,673,
2013-12-02,771,674,
2013-12-03,776,680,
2013-12-04,782,694,
2013-12-05,786,699,
2013-12-06,789,709,
2013-12-09,792,740,
2013-12-10,796,759,
2013-12-11,803,780,
2013-12-12,810,795,
2013-12-13,814,804,
2013-12-16,817,823,
2013-12-17,821,829,
2013-12-18,820,853,
2013-12-19,818,870,
2013-12-20,811,897,
2013-12-23,805,932,
2013-12-24,801,997,
2014-01-02,773,997,
2014-01-03,763,1021,
2014-01-06,750,1026,
2014-01-07,744,1006,
2014-01-08,741,1014,
2014-01-09,735,1026,
2014-01-10,730,1041,
2014-01-13,726,1051,
2014-01-14,725,1053,
2014-01-15,724,1090,
2014-01-16,722,1142,
2014-01-17,719,1222,
2014-01-20,719,1273,
2014-01-21,715,1344,
2014-01-22,715,1340,
2014-01-23,715,1323,
2014-01-24,712,1243,
2014-01-27,708,1186,
2014-01-28,705,1132,
2014-01-29,700,1099,
2014-01-30,691,1065,
2014-01-31,684,1037,
2014-02-03,682,1005,
2014-02-04,681,958,
2014-02-05,677,926,
2014-02-06,676,890,
2014-02-07,674,866,
2014-02-10,669,853,
2014-02-11,667,852,
2014-02-12,665,846,
2014-02-13,668,829,
2014-02-14,671,818,
2014-02-17,676,811,
2014-02-18,677,802,
2014-02-19,678,783,
2014-02-20,676,772,
2014-02-21,677,770,
2014-02-24,679,761,
2014-02-25,679,753,
2014-02-26,674,750,
2014-02-27,673,741,
2014-02-28,669,737,
2014-03-03,666,726,
2014-03-04,662,717,
2014-03-05,661,711,
2014-03-06,663,702,
2014-03-07,663,695,
2014-03-10,663,689,
2014-03-11,666,692,
2014-03-12,668,681,
2014-03-13,668,678,
2014-03-14,671,676,
2014-03-17,671,679,
2014-03-18,668,682,
2014-03-19,667,695,
2014-03-20,671,699,
2014-03-21,674,711,
2014-03-24,676,712,
2014-03-25,676,712,
2014-03-26,672,711,
2014-03-27,659,711,
2014-03-28,649,709,
2014-03-31,642,705,
2014-04-01,632,700,
2014-04-02,621,694,
2014-04-03,610,691,
2014-04-04,598,688,
2014-04-07,588,696,
2014-04-08,580,696,
2014-04-09,571,691,
2014-04-10,562,693,
2014-04-11,556,692,
2014-04-14,549,693,
2014-04-15,543,690,
2014-04-16,536,693,
2014-04-17,533,686,
2014-04-22,528,677,
2014-04-23,524,673,
2014-04-24,520,666,
2014-04-25,517,658,
2014-04-28,517,657,
2014-04-29,515,655,
2014-04-30,513,651,
2014-05-01,514,648,
2014-05-02,510,644,
2014-05-06,510,647,
2014-05-07,509,648,
2014-05-08,508,655,
2014-05-09,506,665,
2014-05-12,504,664,
2014-05-13,502,661,
2014-05-14,497,658,
2014-05-15,490,657,
2014-05-16,485,656,
2014-05-19,483,652,
2014-05-20,482,649,
2014-05-21,480,651,
2014-05-22,480,669,
2014-05-23,480,684,
2014-05-27,481,691,
2014-05-28,481,682,
2014-05-29,484,674,
2014-05-30,485,667,
2014-06-02,485,657,
2014-06-03,485,651,
2014-06-04,484,641,
2014-06-05,482,635,
2014-06-06,481,630,
2014-06-09,478,635,
2014-06-10,475,636,
2014-06-11,469,637,
2014-06-12,465,637,
2014-06-13,459,635,
2014-06-16,450,641,
2014-06-17,446,641,
2014-06-18,443,650,
2014-06-19,442,672,
2014-06-20,441,712,
2014-06-23,440,715,
2014-06-24,438,717,
2014-06-25,433,717,
2014-06-26,427,717,
2014-06-27,420,723,
2014-06-30,413,721,
2014-07-01,409,724,
2014-07-02,408,728,
2014-07-03,404,747,
2014-07-04,403,750,
2014-07-07,402,741,
2014-07-08,400,736,
2014-07-09,397,739,
2014-07-10,393,752,
2014-07-11,390,774,
2014-07-14,385,786,
2014-07-15,380,796,
2014-07-16,377,820,
2014-07-17,373,884,
2014-07-18,372,896,
2014-07-21,369,906,
2014-07-22,364,918,
2014-07-23,361,955,
2014-07-24,358,946,
2014-07-25,357,931,
2014-07-28,358,891,
2014-07-29,357,862,
2014-07-30,356,848,
2014-07-31,355,842,
2014-08-01,357,833,
2014-08-04,356,826,
2014-08-05,357,815,
2014-08-06,358,800,
2014-08-07,360,794,
2014-08-08,363,811,
2014-08-11,366,807,
2014-08-12,370,793,
2014-08-13,373,762,
2014-08-14,376,753,
2014-08-15,382,748,
2014-08-18,387,747,
2014-08-19,394,749,
2014-08-20,399,759,
2014-08-21,406,768,
2014-08-22,413,761,
2014-08-26,420,759,
2014-08-27,427,742,
2014-08-28,437,735,
2014-08-29,442,722,
2014-09-01,450,699,
2014-09-02,456,693,
2014-09-03,462,687,
2014-09-04,466,682,
2014-09-05,469,677,
2014-09-08,472,674,
2014-09-09,472,665,
2014-09-10,474,660,
2014-09-11,476,652,
2014-09-12,477,645,
2014-09-15,479,640,
2014-09-16,484,635,
2014-09-17,488,630,
2014-09-18,494,625,
2014-09-19,498,615,
2014-09-22,505,612,
2014-09-23,513,607,
2014-09-24,521,604,
2014-09-25,525,605,
2014-09-26,526,608,
2014-09-29,528,611,
2014-09-30,529,613,
2014-10-01,531,623,
2014-10-02,531,639,
2014-10-03,530,639,
2014-10-06,530,645,
2014-10-07,528,649,
2014-10-08,523,657,
2014-10-09,520,664,
2014-10-10,516,674,
2014-10-13,513,678,
2014-10-14,510,683,
2014-10-15,506,689,
2014-10-16,503,694,
2014-10-17,501,698,
2014-10-20,498,700,
2014-10-21,498,702,
2014-10-22,496,703,
2014-10-23,491,699,
2014-10-24,489,699,
2014-10-27,485,716,
2014-10-28,481,735,
2014-10-29,476,754,
2014-10-30,472,777,
2014-10-31,467,795,
2014-11-03,463,809,
2014-11-04,458,813,
2014-11-05,457,820,
2014-11-06,455,825,
2014-11-07,454,833,
2014-11-10,451,839,
2014-11-11,451,839,
2014-11-12,451,835,
2014-11-13,451,843,
2014-11-14,450,865,
2014-11-17,451,871,
2014-11-18,453,909,
2014-11-19,455,937,
2014-11-20,457,964,
2014-11-21,462,973,
2014-11-24,469,975,
2014-11-25,476,960,
2014-11-26,482,947,
2014-11-27,487,939,
2014-11-28,491,893,
2014-12-01,492,866,
2014-12-02,495,851,
2014-12-03,498,833,
2014-12-04,498,826,
2014-12-05,499,818,
2014-12-08,497,815,
2014-12-09,497,818,
2014-12-10,494,824,
2014-12-11,492,835,
2014-12-12,493,842,
2014-12-15,493,857,
2014-12-16,495,871,
2014-12-17,496,886,
2014-12-18,496,888,
2014-12-19,497,881,
2014-12-22,495,877,
2014-12-23,495,872,
2014-12-24,495,862,
2015-01-02,488,862,
2015-01-05,482,885,
2015-01-06,479,884,
2015-01-07,466,884,
2015-01-08,455,884,
2015-01-09,446,895,
2015-01-12,441,905,
2015-01-13,435,914,
2015-01-14,429,933,
2015-01-15,425,937,
2015-01-16,418,942,
2015-01-19,415,950,
2015-01-20,410,948,
2015-01-21,402,953,
2015-01-22,392,946,
2015-01-23,380,934,
2015-01-26,373,917,
2015-01-27,364,889,
2015-01-28,356,878,
2015-01-29,348,870,
2015-01-30,340,868,
2015-02-02,332,863,
2015-02-03,326,894,
2015-02-04,321,904,
2015-02-05,309,910,
2015-02-06,301,922,
2015-02-09,295,920,
2015-02-10,289,900,
2015-02-11,281,886,
2015-02-12,273,870,
2015-02-13,268,867,
2015-02-16,263,863,
2015-02-17,261,853,
2015-02-18,260,841,
2015-02-19,267,845,
2015-02-20,270,841,
2015-02-23,266,840,
2015-02-24,274,838,
2015-02-25,289,838,
2015-02-26,300,838,
2015-02-27,308,837,
2015-03-02,318,841,
2015-03-03,327,835,
2015-03-04,338,835,
2015-03-05,348,844,
2015-03-06,352,851,
2015-03-09,356,848,
2015-03-10,357,837,
2015-03-11,361,827,
2015-03-12,364,818,
2015-03-13,368,816,
2015-03-16,370,812,
2015-03-17,375,809,
2015-03-18,378,796,
2015-03-19,383,783,
2015-03-20,384,772,
2015-03-23,386,769,
2015-03-24,388,786,
2015-03-25,390,803,
2015-03-26,390,813,
2015-03-27,390,811,
2015-03-30,393,801,
2015-03-31,392,792,
2015-04-01,389,809,
2015-04-02,386,804,
2015-04-07,385,795,
2015-04-08,382,776,
2015-04-09,379,764,
2015-04-10,373,771,
2015-04-13,369,772,
2015-04-14,366,778,
2015-04-15,362,790,
2015-04-16,360,798,
2015-04-17,358,800,
2015-04-20,357,799,
2015-04-21,355,805,
2015-04-22,355,801,
2015-04-23,351,792,
2015-04-24,348,784,
2015-04-27,347,778,
2015-04-28,346,773,
2015-04-29,345,772,
2015-04-30,343,768,
2015-05-01,340,754,
2015-05-05,335,749,
2015-05-06,332,745,
2015-05-07,331,741,
2015-05-08,329,744,
2015-05-11,328,753,
2015-05-12,327,746,
2015-05-13,326,748,
2015-05-14,326,761,
2015-05-15,327,806,
2015-05-18,326,829,
2015-05-19,325,846,
2015-05-20,326,892,
2015-05-21,327,938,
2015-05-22,327,918,
2015-05-26,327,901,
2015-05-27,327,883,
2015-05-28,328,868,
2015-05-29,331,865,
2015-06-01,332,856,
2015-06-02,332,848,
2015-06-03,332,848,
2015-06-04,333,859,
2015-06-05,332,863,
2015-06-08,331,874,
2015-06-09,331,887,
2015-06-10,333,914,
2015-06-11,336,910,
2015-06-12,338,908,
2015-06-15,341,917,
2015-06-16,345,917,
2015-06-17,349,931,
2015-06-18,351,969,
2015-06-19,355,1011,
2015-06-22,355,1025,
2015-06-23,358,1046,
2015-06-24,359,1070,
2015-06-25,361,1066,
2015-06-26,362,1054,
2015-06-29,361,1026,
2015-06-30,361,989,
2015-07-01,360,972,
2015-07-02,360,952,
2015-07-03,361,936,
2015-07-06,362,916,
2015-07-07,367,903,
2015-07-08,373,888,
2015-07-09,377,870,
2015-07-10,384,857,
2015-07-13,391,835,
2015-07-14,399,827,
2015-07-15,409,820,
2015-07-16,417,824,
2015-07-17,427,840,
2015-07-20,431,846,
2015-07-21,432,854,
2015-07-22,433,849,
2015-07-23,431,826,
2015-07-24,428,817,
2015-07-27,427,813,
2015-07-28,425,803,
2015-07-29,423,792,
2015-07-30,422,776,
2015-07-31,423,763,
2015-08-03,424,755,
2015-08-04,425,742,
2015-08-05,427,735,
2015-08-06,432,726,
2015-08-07,438,713,
2015-08-10,443,708,
2015-08-11,446,694,
2015-08-12,447,677,
2015-08-13,448,673,
2015-08-14,449,673,
2015-08-17,449,668,
2015-08-18,449,665,
2015-08-19,453,654,
2015-08-20,460,644,
2015-08-21,464,632,
2015-08-24,469,622,
2015-08-25,473,611,
2015-08-26,477,601,
2015-08-27,479,595,
2015-08-28,480,593,
2015-09-01,480,598,
2015-09-02,481,609,
2015-09-03,483,616,
2015-09-04,485,628,
2015-09-07,482,633,
2015-09-08,477,640,
2015-09-09,472,639,
2015-09-10,468,642,
2015-09-11,460,640,
2015-09-14,452,635,
2015-09-15,445,629,
2015-09-16,439,626,
2015-09-17,431,639,
2015-09-18,426,658,
2015-09-21,421,666,
2015-09-22,417,671,
2015-09-23,414,674,
2015-09-24,411,697,
2015-09-25,408,705,
2015-09-28,402,706,
2015-09-29,400,703,
2015-09-30,398,698,
2015-10-01,396,715,
2015-10-02,392,725,
2015-10-05,390,745,
2015-10-06,386,754,
2015-10-07,384,774,
2015-10-08,382,786,
2015-10-09,380,790,
2015-10-12,380,783,
2015-10-13,379,778,
2015-10-14,379,769,
2015-10-15,378,771,
2015-10-16,376,772,
2015-10-19,371,771,
2015-10-20,368,756,
2015-10-21,366,751,
2015-10-22,365,749,
2015-10-23,362,739,
2015-10-26,360,739,
2015-10-27,356,737,
2015-10-28,354,756,
2015-10-29,351,744,
2015-10-30,349,750,
2015-11-02,347,788,
2015-11-03,339,816,
2015-11-04,333,823,
2015-11-05,328,822,
2015-11-06,323,822,
2015-11-09,319,828,
2015-11-10,316,831,
2015-11-11,311,835,
2015-11-12,307,852,
2015-11-13,304,853,
2015-11-16,302,861,
2015-11-17,296,863,
2015-11-18,292,871,
2015-11-19,290,879,
2015-11-20,288,883,
2015-11-23,286,887,
2015-11-24,285,888,
2015-11-25,285,890,
2015-11-26,284,891,
2015-11-27,283,899,
2015-11-30,285,904,
2015-12-01,286,907,
2015-12-02,286,926,
2015-12-03,286,953,
2015-12-04,286,962,
2015-12-07,286,962,
2015-12-08,286,962,
2015-12-09,286,956,
2015-12-10,285,943,
2015-12-11,282,920,
2015-12-14,279,920,
2015-12-15,276,904,
2015-12-16,275,897,564.0
2015-12-17,274,898,565.0
2015-12-18,273,897,565.0
2015-12-21,273,897,568.0
2015-12-22,271,889,571.0
2015-12-23,270,879,577.0
2015-12-24,270,873,578.0
2016-01-04,267,869,580.0
2016-01-05,266,1065,688.0
2016-01-06,263,1057,712.0
2016-01-07,259,1051,719.0
2016-01-08,256,1043,716.0
2016-01-11,251,1016,716.0
2016-01-12,250,988,715.0
2016-01-13,250,957,718.0
2016-01-14,247,929,717.0
2016-01-15,245,906,712.0
2016-01-18,243,897,707.0
2016-01-19,240,882,702.0
2016-01-20,238,882,693.0
2016-01-21,237,876,691.0
2016-01-22,233,870,686.0
2016-01-25,231,859,686.0
2016-01-26,229,838,680.0
2016-01-27,225,820,674.0
2016-01-28,222,812,664.0
2016-01-29,219,806,650.0
2016-02-01,216,817,645.0
2016-02-02,212,815,635.0
2016-02-03,203,808,625.0
2016-02-04,197,802,615.0
2016-02-05,194,800,609.0
2016-02-08,190,795,588.0
2016-02-09,188,791,572.0
2016-02-10,186,787,554.0
2016-02-11,184,793,551.0
2016-02-12,183,813,541.0
2016-02-15,183,819,535.0
2016-02-16,184,816,528.0
2016-02-17,186,809,527.0
2016-02-18,193,807,528.0
2016-02-19,198,806,526.0
2016-02-22,200,799,524.0
2016-02-23,203,788,524.0
2016-02-24,206,779,522.0
2016-02-25,209,767,518.0
2016-02-26,212,751,519.0
2016-02-29,214,740,516.0
2016-03-01,217,730,515.0
2016-03-02,220,722,515.0
2016-03-03,227,717,517.0
2016-03-04,232,715,519.0
2016-03-07,237,720,518.0
2016-03-08,240,738,515.0
2016-03-09,243,756,500.0
2016-03-10,246,771,492.0
2016-03-11,249,794,494.0
2016-03-14,252,833,502.0
2016-03-15,255,861,505.0
2016-03-16,257,870,503.0
2016-03-17,258,865,500.0
2016-03-18,260,872,501.0
2016-03-21,262,866,499.0
2016-03-22,264,848,501.0
2016-03-23,266,819,499.0
2016-03-24,268,803,499.0
2016-03-29,270,809,497.0
2016-03-30,271,818,496.0
2016-03-31,272,837,494.0
2016-04-01,272,840,495.0
2016-04-04,274,833,495.0
2016-04-05,275,808,494.0
2016-04-06,278,786,495.0
2016-04-07,280,774,494.0
2016-04-08,286,752,498.0
2016-04-11,288,752,498.0
2016-04-12,290,755,498.0
2016-04-13,296,764,504.0
2016-04-14,309,782,514.0
2016-04-15,321,788,532.0
2016-04-18,328,793,536.0
2016-04-19,334,790,536.0
2016-04-20,342,787,535.0
2016-04-21,348,777,539.0
2016-04-22,354,770,550.0
2016-04-25,356,775,556.0
2016-04-26,358,778,555.0
2016-04-27,362,774,555.0
2016-04-28,365,749,554.0
2016-04-29,367,740,552.0
2016-05-03,368,730,545.0
2016-05-04,365,717,534.0
2016-05-05,365,716,520.0
2016-05-06,359,713,519.0
2016-05-09,355,715,512.0
2016-05-10,352,715,508.0
2016-05-11,349,735,500.0
2016-05-12,347,735,496.0
2016-05-13,347,732,484.0
2016-05-16,347,732,477.0
2016-05-17,345,734,475.0
2016-05-18,342,736,469.0
2016-05-19,342,740,470.0
2016-05-20,343,747,473.0
2016-05-23,344,744,480.0
2016-05-24,345,731,487.0
2016-05-25,346,716,495.0
2016-05-26,347,723,501.0
2016-05-27,347,728,503.0
2016-05-31,351,735,500.0
2016-06-01,355,753,496.0
2016-06-02,354,762,495.0
2016-06-03,349,765,493.0
2016-06-06,345,759,490.0
2016-06-07,344,754,489.0
2016-06-08,338,739,487.0
2016-06-09,332,741,479.0
2016-06-10,327,736,475.0
2016-06-13,322,730,473.0
2016-06-14,317,713,471.0
2016-06-15,315,705,461.0
2016-06-16,314,712,449.0
2016-06-17,311,714,448.0
2016-06-20,312,718,443.0
2016-06-21,315,711,438.0
2016-06-22,318,705,433.0
2016-06-23,322,710,437.0
2016-06-24,329,713,442.0
2016-06-27,331,714,453.0
2016-06-28,336,703,457.0
2016-06-29,338,695,464.0
2016-06-30,342,694,464.0
2016-07-01,344,691,464.0
2016-07-04,347,686,462.0
2016-07-05,349,679,456.0
2016-07-06,349,673,448.0
2016-07-07,352,672,439.0
2016-07-08,354,669,437.0
2016-07-11,356,666,437.0
2016-07-12,358,654,436.0
2016-07-13,360,639,432.0
2016-07-14,361,628,433.0
2016-07-15,363,620,435.0
2016-07-18,366,612,442.0
2016-07-19,371,604,445.0
2016-07-20,376,599,450.0
2016-07-21,379,592,459.0
2016-07-22,383,589,462.0
2016-07-25,386,582,463.0
2016-07-26,390,579,461.0
2016-07-27,392,567,462.0
2016-07-28,396,559,464.0
2016-07-29,399,550,466.0
2016-08-01,401,541,465.0
2016-08-02,400,532,462.0
2016-08-03,397,523,459.0
2016-08-04,395,515,458.0
2016-08-05,394,509,458.0
2016-08-08,392,509,452.0
2016-08-09,389,505,447.0
2016-08-10,391,504,449.0
2016-08-11,394,500,449.0
2016-08-12,396,497,451.0
2016-08-15,399,496,450.0
2016-08-16,403,497,455.0
2016-08-17,405,497,460.0
2016-08-18,407,500,462.0
2016-08-19,412,501,461.0
2016-08-22,416,504,463.0
2016-08-23,420,506,462.0
2016-08-24,425,505,456.0
2016-08-25,428,512,454.0
2016-08-26,431,515,455.0
2016-08-30,432,515,457.0
2016-08-31,432,510,455.0
2016-09-01,433,515,447.0
2016-09-02,432,514,441.0
2016-09-05,429,516,437.0
2016-09-06,425,517,434.0
2016-09-07,422,528,427.0
2016-09-08,420,537,421.0
2016-09-09,419,536,416.0
2016-09-12,417,542,408.0
2016-09-13,415,543,402.0
2016-09-14,415,548,396.0
2016-09-15,415,549,389.0
2016-09-16,415,555,386.0
2016-09-19,416,561,383.0
2016-09-20,417,566,387.0
2016-09-21,418,588,389.0
2016-09-22,420,602,382.0
2016-09-23,421,606,380.0
2016-09-26,422,611,378.0
2016-09-27,422,618,379.0
2016-09-28,422,638,375.0
2016-09-29,422,644,365.0
2016-09-30,421,638,358.0
2016-10-03,419,625,352.0
2016-10-04,417,622,349.0
2016-10-05,415,616,347.0
2016-10-06,413,613,346.0
2016-10-07,411,619,350.0
2016-10-10,410,621,354.0
2016-10-11,409,626,357.0
2016-10-12,408,633,361.0
2016-10-13,410,641,367.0
2016-10-14,411,657,385.0
2016-10-17,413,673,390.0
2016-10-18,417,674,395.0
2016-10-19,421,681,407.0
2016-10-20,424,686,418.0
2016-10-21,427,692,422.0
2016-10-24,428,691,428.0
2016-10-25,430,680,434.0
2016-10-26,430,667,434.0
2016-10-27,432,658,430.0
2016-10-28,433,657,426.0
2016-10-31,435,660,423.0
2016-11-01,436,656,417.0
2016-11-02,434,655,505.0
2016-11-03,434,670,471.0
2016-11-04,433,667,445.0
2016-11-07,431,665,424.0
2016-11-08,431,659,409.0
2016-11-09,429,661,398.0
2016-11-10,430,682,394.0
2016-11-11,428,744,391.0
2016-11-14,433,750,395.0
2016-11-15,436,740,398.0
2016-11-16,443,740,411.0
2016-11-17,454,786,430.0
2016-11-18,466,831,437.0
2016-11-21,477,828,447.0
2016-11-22,485,834,456.0
2016-11-23,501,862,459.0
2016-11-24,512,870,459.0
2016-11-25,520,886,460.0
2016-11-28,527,892,456.0
2016-11-29,532,896,448.0
2016-11-30,537,895,443.0
2016-12-01,541,891,439.0
2016-12-02,543,878,436.0
2016-12-05,548,889,434.0
2016-12-06,552,887,437.0
2016-12-07,557,863,439.0
2016-12-08,562,868,440.0
2016-12-09,567,889,441.0
2016-12-12,576,903,443.0
2016-12-13,584,887,442.0
2016-12-14,590,889,446.0
2016-12-15,596,895,470.0
2016-12-16,600,909,491.0
2016-12-19,605,911,522.0
2016-12-20,605,910,552.0
2016-12-21,604,920,595.0
2016-12-22,601,945,668.0
2016-12-23,597,936,675.0
2017-01-03,559,919,678.0
2017-01-04,539,1088,867.0
2017-01-05,521,1053,861.0
2017-01-06,508,1024,854.0
2017-01-09,498,1026,846.0
2017-01-10,489,1013,800.0
2017-01-11,477,1017,775.0
2017-01-12,466,1018,746.0
2017-01-13,459,1024,707.0
2017-01-16,455,1027,684.0
2017-01-17,451,1018,660.0
2017-01-18,448,1001,642.0
2017-01-19,446,1006,632.0
2017-01-20,441,1002,616.0
2017-01-23,437,997,619.0
2017-01-24,432,995,624.0
2017-01-25,428,987,619.0
2017-01-26,424,977,621.0
2017-01-27,419,965,615.0
2017-01-30,415,946,614.0
2017-01-31,402,930,606.0
2017-02-01,395,901,603.0
2017-02-02,386,877,595.0
2017-02-03,382,864,591.0
2017-02-06,377,858,585.0
2017-02-07,375,856,582.0
2017-02-08,378,846,580.0
2017-02-09,377,842,581.0
2017-02-10,377,846,581.0
2017-02-13,376,847,582.0
2017-02-14,379,851,577.0
2017-02-15,382,862,586.0
2017-02-16,387,850,596.0
2017-02-17,391,869,605.0
2017-02-20,396,863,612.0
2017-02-21,402,859,613.0
2017-02-22,410,857,612.0
2017-02-23,420,852,614.0
2017-02-24,428,856,614.0
2017-02-27,436,857,609.0
2017-02-28,444,847,606.0
2017-03-01,451,835,601.0
2017-03-02,457,831,601.0
2017-03-03,462,837,603.0
2017-03-06,468,841,611.0
2017-03-07,477,838,617.0
2017-03-08,485,839,620.0
2017-03-09,491,859,634.0
2017-03-10,495,862,638.0
2017-03-13,499,850,644.0
2017-03-14,502,850,646.0
2017-03-15,505,847,660.0
2017-03-16,508,835,680.0
2017-03-17,508,832,701.0
2017-03-20,510,824,720.0
2017-03-21,512,824,748.0
2017-03-22,516,826,767.0
2017-03-23,521,816,790.0
2017-03-24,526,812,807.0
2017-03-27,530,804,806.0
2017-03-28,535,799,803.0
2017-03-29,538,802,792.0
2017-03-30,539,800,784.0
2017-03-31,540,794,771.0
2017-04-03,541,790,751.0
2017-04-04,542,781,739.0
2017-04-05,543,778,704.0
2017-04-06,545,773,679.0
2017-04-07,547,777,672.0
2017-04-10,549,775,665.0
2017-04-11,552,776,661.0
2017-04-12,554,776,646.0
2017-04-13,560,790,639.0
2017-04-18,563,800,645.0
2017-04-19,568,814,638.0
2017-04-20,572,819,643.0
2017-04-21,575,819,660.0
2017-04-24,577,812,661.0
2017-04-25,577,812,654.0
2017-04-26,576,802,646.0
2017-04-27,569,797,637.0
2017-04-28,559,786,620.0
2017-05-02,550,785,613.0
2017-05-03,540,778,590.0
2017-05-04,532,767,579.0
2017-05-05,523,768,570.0
2017-05-08,517,774,566.0
2017-05-09,512,775,558.0
2017-05-10,510,772,550.0
2017-05-11,510,763,546.0
2017-05-12,509,748,545.0
2017-05-15,508,741,540.0
2017-05-16,507,742,536.0
2017-05-17,505,737,522.0
2017-05-18,504,757,523.0
2017-05-19,502,765,516.0
2017-05-22,496,785,513.0
2017-05-23,486,799,516.0
2017-05-24,478,821,520.0
2017-05-25,473,825,538.0
2017-05-26,469,814,540.0
2017-05-30,461,807,549.0
2017-05-31,455,785,556.0
2017-06-01,449,768,558.0
2017-06-02,446,756,559.0
2017-06-05,441,742,554.0
2017-06-06,434,733,548.0
2017-06-07,429,718,546.0
2017-06-08,425,708,545.0
2017-06-09,425,705,540.0
2017-06-12,424,702,539.0
2017-06-13,424,700,533.0
2017-06-14,427,699,529.0
2017-06-15,431,705,522.0
2017-06-16,435,704,517.0
2017-06-19,437,702,522.0
2017-06-20,441,699,521.0
2017-06-21,445,690,527.0
2017-06-22,447,688,537.0
2017-06-23,451,686,546.0
2017-06-26,454,683,559.0
2017-06-27,458,681,564.0
2017-06-28,459,671,570.0
2017-06-29,464,670,568.0
2017-06-30,467,668,569.0
2017-07-03,468,663,563.0
2017-07-04,470,659,562.0
2017-07-05,470,656,563.0
2017-07-06,470,656,566.0
2017-07-07,471,647,583.0
2017-07-10,474,649,580.0
2017-07-11,477,651,569.0
2017-07-12,480,651,567.0
2017-07-13,484,647,565.0
2017-07-14,486,644,557.0
2017-07-17,489,644,551.0
2017-07-18,492,648,549.0
2017-07-19,495,643,546.0
2017-07-20,497,642,545.0
2017-07-21,499,649,548.0
2017-07-24,500,655,550.0
2017-07-25,500,649,549.0
2017-07-26,500,646,556.0
2017-07-27,500,647,551.0
2017-07-28,498,644,545.0
2017-07-31,496,640,544.0
2017-08-01,492,639,541.0
2017-08-02,488,632,543.0
2017-08-03,482,632,552.0
2017-08-04,478,628,556.0
2017-08-07,475,619,556.0
2017-08-08,472,614,556.0
2017-08-09,467,616,556.0
2017-08-10,466,618,555.0
2017-08-11,466,620,552.0
2017-08-14,465,621,551.0
2017-08-15,464,618,546.0
2017-08-16,464,617,530.0
2017-08-17,465,620,517.0
2017-08-18,465,618,520.0
2017-08-21,466,621,511.0
2017-08-22,468,622,511.0
2017-08-23,470,621,511.0
2017-08-24,473,620,510.0
2017-08-25,474,627,508.0
2017-08-29,477,643,521.0
2017-08-30,482,659,564.0
2017-08-31,486,667,648.0
2017-09-01,486,677,703.0
2017-09-04,487,682,737.0
2017-09-05,491,691,674.0
2017-09-06,494,698,624.0
2017-09-07,499,699,607.0
2017-09-08,504,701,609.0
2017-09-11,509,707,590.0
2017-09-12,513,715,580.0
2017-09-13,520,725,560.0
2017-09-14,529,732,548.0
2017-09-15,536,739,545.0
2017-09-18,551,744,548.0
2017-09-19,562,744,575.0
2017-09-20,576,740,587.0
2017-09-21,586,751,610.0
2017-09-22,596,760,617.0
2017-09-25,602,772,621.0
2017-09-26,607,781,629.0
2017-09-27,613,780,652.0
2017-09-28,616,783,666.0
2017-09-29,616,782,671.0
2017-10-02,614,776,667.0
2017-10-03,612,775,651.0
2017-10-04,609,758,634.0
2017-10-05,607,760,622.0
2017-10-06,610,766,617.0
2017-10-09,613,776,615.0
2017-10-10,618,783,609.0
2017-10-11,623,818,599.0
2017-10-12,635,856,591.0
2017-10-13,649,870,573.0
2017-10-16,656,903,563.0
2017-10-17,663,913,551.0
2017-10-18,666,916,544.0
2017-10-19,673,907,540.0
2017-10-20,679,902,531.0
2017-10-23,683,896,527.0
2017-10-24,687,899,520.0
2017-10-25,690,901,515.0
2017-10-26,688,912,515.0
2017-10-27,687,920,516.0
2017-10-30,685,914,524.0
2017-10-31,679,904,523.0
2017-11-01,673,871,528.0
2017-11-02,668,867,534.0
2017-11-03,664,855,539.0
2017-11-06,661,843,540.0
2017-11-07,658,820,542.0
2017-11-08,654,814,542.0
2017-11-09,648,807,544.0
2017-11-10,644,802,546.0
2017-11-13,642,803,550.0
2017-11-14,640,796,556.0
2017-11-15,637,790,570.0
2017-11-16,634,787,582.0
2017-11-17,630,790,594.0
2017-11-20,628,809,590.0
2017-11-21,625,827,594.0
2017-11-22,624,827,595.0
2017-11-23,622,826,599.0
2017-11-24,620,820,600.0
2017-11-27,619,812,602.0
2017-11-28,620,798,603.0
2017-11-29,622,799,611.0
2017-11-30,623,794,615.0
2017-12-01,626,806,634.0
2017-12-04,626,820,649.0
2017-12-05,628,821,677.0
2017-12-06,629,822,688.0
2017-12-07,630,824,685.0
2017-12-08,631,823,679.0
2017-12-11,632,814,686.0
2017-12-12,633,814,684.0
2017-12-13,633,812,686.0
2017-12-14,635,812,694.0
2017-12-15,636,814,702.0
2017-12-18,637,815,707.0
2017-12-19,636,820,722.0
2017-12-20,632,824,723.0
2017-12-21,627,825,722.0
2017-12-22,625,831,719.0
2018-01-02,612,827,720.0
2018-01-03,607,700,655.0
2018-01-04,604,683,653.0
2018-01-05,600,676,653.0
2018-01-08,594,680,656.0
2018-01-09,592,682,646.0
2018-01-10,589,691,628.0
2018-01-11,587,685,616.0
2018-01-12,587,681,609.0
2018-01-15,585,684,602.0
2018-01-16,583,693,583.0
2018-01-17,581,717,569.0
2018-01-18,580,715,566.0
2018-01-19,584,707,570.0
2018-01-22,585,705,567.0
2018-01-23,586,702,564.0
2018-01-24,584,694,569.0
2018-01-25,581,691,571.0
2018-01-26,577,683,589.0
2018-01-29,573,682,623.0
2018-01-30,566,679,637.0
2018-01-31,558,670,628.0
2018-02-01,552,664,602.0
2018-02-02,547,661,598.0
2018-02-05,543,658,606.0
2018-02-06,538,654,606.0
2018-02-07,532,648,615.0
2018-02-08,529,648,614.0
2018-02-09,526,643,619.0
2018-02-12,520,642,632.0
2018-02-13,518,640,634.0
2018-02-14,516,637,642.0
2018-02-15,515,642,638.0
2018-02-16,515,649,630.0
2018-02-19,517,649,628.0
2018-02-20,519,645,623.0
2018-02-21,522,641,613.0
2018-02-22,529,640,617.0
2018-02-23,534,645,618.0
2018-02-26,538,646,622.0
2018-02-27,545,652,618.0
2018-02-28,557,658,621.0
2018-03-01,579,658,622.0
2018-03-02,586,662,604.0
2018-03-05,590,669,600.0
2018-03-06,595,664,598.0
2018-03-07,599,654,596.0
2018-03-08,607,648,590.0
2018-03-09,611,651,585.0
2018-03-12,615,653,580.0
2018-03-13,617,648,577.0
2018-03-14,622,642,567.0
2018-03-15,626,641,563.0
2018-03-16,627,639,564.0
2018-03-19,629,635,564.0
2018-03-20,630,636,559.0
2018-03-21,634,645,561.0
2018-03-22,639,649,560.0
2018-03-23,641,652,554.0
2018-03-26,645,656,557.0
2018-03-27,648,658,563.0
2018-03-28,650,662,563.0
2018-03-29,652,662,563.0
2018-04-03,650,661,560.0
2018-04-04,648,651,543.0
2018-04-05,644,648,520.0
2018-04-06,643,646,510.0
2018-04-09,638,643,501.0
2018-04-10,636,637,498.0
2018-04-11,634,631,510.0
2018-04-12,630,628,523.0
2018-04-13,628,639,525.0
2018-04-16,626,640,529.0
2018-04-17,626,638,535.0
2018-04-18,626,636,538.0
2018-04-19,623,635,554.0
2018-04-20,621,637,557.0
2018-04-23,621,637,558.0
2018-04-24,617,639,555.0
2018-04-25,614,637,557.0
2018-04-26,610,639,563.0
2018-04-27,605,648,571.0
2018-04-30,603,655,571.0
2018-05-01,601,656,567.0
2018-05-02,597,655,560.0
2018-05-03,591,647,545.0
2018-05-04,589,648,546.0
2018-05-08,585,650,545.0
2018-05-09,585,655,541.0
2018-05-10,584,656,541.0
2018-05-11,584,656,540.0
2018-05-14,585,657,542.0
2018-05-15,586,656,540.0
2018-05-16,587,667,532.0
2018-05-17,589,681,529.0
2018-05-18,590,692,524.0
2018-05-21,591,714,525.0
2018-05-22,590,729,526.0
2018-05-23,591,748,535.0
2018-05-24,590,761,546.0
2018-05-25,587,776,558.0
2018-05-29,586,781,563.0
2018-05-30,584,779,569.0
2018-05-31,583,768,555.0
2018-06-01,583,754,555.0
2018-06-04,583,754,549.0
2018-06-05,584,749,546.0
2018-06-06,583,745,541.0
2018-06-07,583,735,538.0
2018-06-08,584,731,535.0
2018-06-11,586,734,531.0
2018-06-12,588,746,525.0
2018-06-13,591,751,522.0
2018-06-14,592,768,518.0
2018-06-15,593,760,518.0
2018-06-18,595,746,515.0
2018-06-19,594,736,511.0
2018-06-20,593,743,507.0
2018-06-21,592,743,506.0
2018-06-22,593,742,507.0
2018-06-25,592,745,506.0
2018-06-26,589,745,503.0
2018-06-27,585,735,500.0
2018-06-28,583,727,496.0
2018-06-29,581,724,493.0
2018-07-02,575,712,496.0
2018-07-03,571,705,500.0
2018-07-04,569,702,501.0
2018-07-05,565,705,501.0
2018-07-06,563,710,502.0
2018-07-09,562,721,502.0
2018-07-10,560,729,501.0
2018-07-11,558,732,499.0
2018-07-12,558,741,499.0
2018-07-13,559,738,500.0
2018-07-16,559,744,499.0
2018-07-17,561,738,499.0
2018-07-18,561,723,494.0
2018-07-19,561,714,494.0
2018-07-20,560,713,496.0
2018-07-23,560,723,500.0
2018-07-24,559,727,507.0
2018-07-25,556,748,511.0
2018-07-26,554,753,512.0
2018-07-27,553,755,508.0
2018-07-30,551,759,503.0
2018-07-31,549,768,500.0
2018-08-01,547,768,498.0
2018-08-02,544,760,492.0
2018-08-03,543,756,490.0
2018-08-06,542,758,487.0
2018-08-07,541,749,483.0
2018-08-08,541,733,480.0
2018-08-09,543,725,478.0
2018-08-10,542,717,479.0
2018-08-13,543,713,489.0
2018-08-14,543,715,492.0
2018-08-15,543,723,492.0
2018-08-16,544,731,491.0
2018-08-17,545,736,490.0
2018-08-20,543,753,489.0
2018-08-21,543,774,486.0
2018-08-22,548,792,484.0
2018-08-23,547,791,481.0
2018-08-24,551,794,480.0
2018-08-28,554,804,479.0
2018-08-29,556,795,478.0
2018-08-30,559,789,476.0
2018-08-31,562,787,484.0
2018-09-03,563,786,501.0
2018-09-04,564,780,499.0
2018-09-05,565,772,516.0
2018-09-06,565,778,526.0
2018-09-07,568,778,534.0
2018-09-10,569,785,532.0
2018-09-11,572,784,532.0
2018-09-12,576,774,520.0
2018-09-13,581,769,518.0
2018-09-14,588,770,511.0
2018-09-17,596,765,513.0
2018-09-18,600,763,508.0
2018-09-19,604,766,502.0
2018-09-20,612,773,499.0
2018-09-21,617,780,503.0
2018-09-24,622,791,511.0
2018-09-25,622,794,516.0
2018-09-26,626,801,521.0
2018-09-27,627,804,531.0
2018-09-28,629,805,541.0
2018-10-01,630,791,550.0
2018-10-02,631,793,549.0
2018-10-03,633,801,551.0
2018-10-04,634,808,558.0
2018-10-05,637,837,587.0
2018-10-08,639,853,596.0
2018-10-09,643,858,590.0
2018-10-10,647,875,592.0
2018-10-11,652,890,597.0
2018-10-12,657,913,594.0
2018-10-15,661,921,598.0
2018-10-16,663,922,600.0
2018-10-17,665,947,600.0
2018-10-18,668,963,598.0
2018-10-19,670,988,589.0
2018-10-22,671,1024,587.0
2018-10-23,673,1051,582.0
2018-10-24,675,1066,577.0
2018-10-25,676,1099,569.0
2018-10-26,675,1121,571.0
2018-10-29,675,1141,573.0
2018-10-30,675,1153,571.0
2018-10-31,671,1150,567.0
2018-11-01,668,1157,569.0
2018-11-02,666,1152,574.0
2018-11-05,665,1143,576.0
2018-11-06,663,1134,583.0
2018-11-07,660,1116,608.0
2018-11-08,658,1104,614.0
2018-11-09,656,1097,634.0
2018-11-12,654,1092,652.0
2018-11-13,653,1086,654.0
2018-11-14,652,1082,652.0
2018-11-15,649,1091,651.0
2018-11-16,646,1099,649.0
2018-11-19,645,1106,646.0
2018-11-20,644,1103,645.0
2018-11-21,642,1107,643.0
2018-11-22,638,1104,650.0
2018-11-23,635,1126,654.0
2018-11-26,633,1130,660.0
2018-11-27,631,1127,669.0
2018-11-28,629,1131,695.0
2018-11-29,628,1133,750.0
2018-11-30,626,1135,780.0
2018-12-03,626,1132,792.0
2018-12-04,625,1129,840.0
2018-12-05,625,1146,861.0
2018-12-06,625,1160,876.0
2018-12-07,625,1168,886.0
2018-12-10,624,1167,894.0
2018-12-11,623,1180,897.0
2018-12-12,622,1212,909.0
2018-12-13,621,1218,919.0
2018-12-14,617,1223,917.0
2018-12-17,614,1223,909.0
2018-12-18,611,1230,895.0
2018-12-19,607,1240,860.0
2018-12-20,602,1266,844.0
2018-12-21,597,1258,833.0
2018-12-24,596,1256,823.0
2019-01-02,588,1009,666.0
2019-01-03,578,999,657.0
2019-01-04,571,982,656.0
2019-01-07,563,973,666.0
2019-01-08,556,967,684.0
2019-01-09,546,957,683.0
2019-01-10,536,930,674.0
2019-01-11,524,929,667.0
2019-01-14,511,925,659.0
2019-01-15,499,920,655.0
2019-01-16,483,899,665.0
2019-01-17,466,891,665.0
2019-01-18,451,873,661.0
2019-01-21,442,875,659.0
2019-01-22,432,868,664.0
2019-01-23,423,866,668.0
2019-01-24,409,875,668.0
2019-01-25,395,877,672.0
2019-01-28,384,874,669.0
2019-01-29,368,872,667.0
2019-01-30,347,859,659.0
2019-01-31,328,848,653.0
2019-02-01,311,843,649.0
2019-02-04,301,824,640.0
2019-02-05,294,806,636.0
2019-02-06,294,805,633.0
2019-02-07,290,797,629.0
2019-02-08,290,795,624.0
2019-02-11,292,791,618.0
2019-02-12,296,790,624.0
2019-02-13,302,798,618.0
2019-02-14,311,806,613.0
2019-02-15,315,818,609.0
2019-02-18,322,819,605.0
2019-02-19,335,828,607.0
2019-02-20,345,831,605.0
2019-02-21,353,828,594.0
2019-02-22,359,823,595.0
2019-02-25,366,801,588.0
2019-02-26,372,799,583.0
2019-02-27,382,796,580.0
2019-02-28,388,781,576.0
2019-03-01,393,774,575.0
2019-03-04,397,762,581.0
2019-03-05,407,754,585.0
2019-03-06,413,753,584.0
2019-03-07,418,747,577.0
2019-03-08,421,742,575.0
2019-03-11,424,737,575.0
2019-03-12,429,743,580.0
2019-03-13,430,740,588.0
2019-03-14,434,737,603.0
2019-03-15,437,735,606.0
2019-03-18,440,730,613.0
2019-03-19,443,715,627.0
2019-03-20,446,705,634.0
2019-03-21,449,700,650.0
2019-03-22,455,695,669.0
2019-03-25,458,688,684.0
2019-03-26,463,678,703.0
2019-03-27,466,663,723.0
2019-03-28,467,651,744.0
2019-03-29,464,648,737.0
2019-04-01,461,640,734.0
2019-04-02,455,632,709.0
2019-04-03,448,623,676.0
2019-04-04,437,618,644.0
2019-04-05,432,617,614.0
2019-04-08,425,610,604.0
2019-04-09,419,618,600.0
2019-04-10,411,620,596.0
2019-04-11,406,634,592.0
2019-04-12,403,639,586.0
2019-04-15,399,639,577.0
2019-04-16,397,643,574.0
2019-04-17,394,652,584.0
2019-04-18,390,653,576.0
2019-04-23,391,644,571.0
2019-04-24,392,636,573.0
2019-04-25,391,635,586.0
2019-04-26,389,640,584.0
2019-04-29,386,638,581.0
2019-04-30,384,634,567.0
2019-05-01,386,635,553.0
2019-05-02,384,638,546.0
2019-05-03,382,645,536.0
2019-05-07,382,662,514.0
2019-05-08,382,672,523.0
2019-05-09,382,680,521.0
2019-05-10,382,697,516.0
2019-05-13,382,703,510.0
2019-05-14,381,704,505.0
2019-05-15,381,697,504.0
2019-05-16,383,683,507.0
2019-05-17,385,678,512.0
2019-05-20,386,674,516.0
2019-05-21,388,673,521.0
2019-05-22,389,672,522.0
2019-05-23,391,666,524.0
2019-05-24,393,665,527.0
2019-05-28,394,658,539.0
2019-05-29,395,651,541.0
2019-05-30,397,643,538.0
2019-05-31,398,636,537.0
2019-06-03,401,634,523.0
2019-06-04,403,633,515.0
2019-06-05,405,632,518.0
2019-06-06,408,635,521.0
2019-06-07,412,643,521.0
2019-06-10,411,645,517.0
2019-06-11,414,654,507.0
2019-06-12,416,653,499.0
2019-06-13,419,657,494.0
2019-06-14,420,662,491.0
2019-06-17,422,668,492.0
2019-06-18,428,677,495.0
2019-06-19,432,676,498.0
2019-06-20,437,681,505.0
2019-06-21,440,679,510.0
2019-06-24,442,678,543.0
2019-06-25,442,679,550.0
2019-06-26,442,678,543.0
2019-06-27,443,677,536.0
2019-06-28,442,680,539.0
2019-07-01,441,679,543.0
2019-07-02,439,673,547.0
2019-07-03,440,660,551.0
2019-07-04,443,652,545.0
2019-07-05,448,650,542.0
2019-07-08,454,645,536.0
2019-07-09,458,640,529.0
2019-07-10,463,633,524.0
2019-07-11,468,631,525.0
2019-07-12,472,628,524.0
2019-07-15,472,627,523.0
2019-07-16,477,623,513.0
2019-07-17,481,627,501.0
2019-07-18,486,625,491.0
2019-07-19,492,622,480.0
2019-07-22,497,624,478.0
2019-07-23,503,626,473.0
2019-07-24,506,628,471.0
2019-07-25,512,634,469.0
2019-07-26,515,634,466.0
2019-07-29,516,632,461.0
2019-07-30,516,624,455.0
2019-07-31,516,621,456.0
