Date,HSI,SI,PI,CI
2019-08-01,520.1,974.0,1953.7,3657.5
2019-08-02,520.2,963.7,1844.4,3656.5
2019-08-03,524.5,964.5,1956.5,3660.8
2019-08-04,524.4,959.7,1812.0,3658.4
2019-08-05,528.6,961.9,1982.0,3652.3
2019-08-06,527.2,956.8,1807.5,3652.0
2019-08-07,533.2,961.5,2035.8,3652.0
2019-08-08,531.0,957.5,1807.6,3654.4
2019-08-09,537.8,962.0,2043.9,3654.0
2019-08-10,534.0,958.9,1811.2,3659.4
2019-08-11,540.1,962.6,2047.6,3658.3
2019-08-12,538.9,958.9,1807.5,3651.5
2019-08-13,541.7,962.2,2043.9,3645.8
2019-08-14,540.8,958.8,1807.4,3644.9
2019-08-15,545.0,961.0,2044.0,3653.3
2019-08-16,544.4,959.1,1808.9,3650.9
2019-08-17,550.8,961.6,2020.1,3661.8
2019-08-18,548.2,960.3,1813.1,3656.8
2019-08-19,556.8,961.0,2011.3,3655.1
2019-08-20,552.6,960.9,1809.4,3648.4
2019-08-21,561.9,961.7,2011.7,3654.5
2019-08-22,559.2,961.3,1809.5,3650.7
2019-08-23,564.5,962.3,2010.3,3657.5
2019-08-24,560.9,961.5,1812.6,3657.1
2019-08-25,563.9,962.8,2043.1,3661.8
2019-08-26,564.6,961.0,1807.5,3649.9
2019-08-27,564.8,964.0,2044.9,3655.5
2019-08-28,564.8,961.2,1807.2,3649.3
2019-08-29,564.8,964.0,2045.1,3657.9
2019-08-30,564.8,961.5,1807.2,3651.9
2019-08-31,563.9,964.2,2048.3,3661.8
2019-09-01,563.9,960.6,1810.9,3656.8
2019-09-02,565.1,962.3,2016.9,3655.1
2019-09-03,564.8,960.7,1807.2,3648.4
2019-09-04,564.9,961.3,2010.5,3654.5
2019-09-05,564.9,960.6,1807.3,3650.7
2019-09-06,564.9,961.3,2009.5,3656.5
2019-09-07,564.0,961.1,1808.9,3656.2
2019-09-08,564.0,961.5,2013.8,3661.8
2019-09-09,565.1,960.4,1805.8,3649.9
2019-09-10,564.8,961.8,2038.7,3655.5
2019-09-11,564.8,960.6,1799.2,3649.3
2019-09-12,564.8,962.7,2044.8,3657.9
2019-09-13,564.9,960.8,1798.7,3651.9
2019-09-14,563.9,963.3,2048.4,3661.8
2019-09-15,563.9,961.3,1802.9,3657.7
2019-09-16,565.1,963.0,2044.7,3655.1
2019-09-17,564.8,961.3,1799.2,3648.4
2019-09-18,564.9,962.9,2045.1,3654.5
2019-09-19,564.8,961.6,1799.3,3650.7
2019-09-20,564.8,963.1,2016.5,3656.5
2019-09-21,563.9,962.0,1802.9,3656.6
2019-09-22,563.9,962.7,2013.8,3661.7
2019-09-23,565.1,961.7,1799.2,3648.8
2019-09-24,564.8,962.7,2011.0,3654.3
2019-09-25,564.8,962.0,1799.2,3648.2
2019-09-26,564.8,962.8,2011.1,3657.7
2019-09-27,564.8,962.3,1799.2,3650.8
2019-09-28,563.9,963.7,2042.4,3661.3
2019-09-29,563.9,962.7,1802.9,3656.7
2019-09-30,565.1,964.2,2044.8,3655.6
2019-10-01,564.8,961.1,1799.0,3648.8
2019-10-02,564.8,963.1,2044.8,3655.1
2019-10-03,564.8,961.0,1798.8,3651.2
2019-10-04,564.8,963.2,2044.7,3656.0
2019-10-05,563.9,961.4,1802.4,3656.6
2019-10-06,563.9,963.1,2019.8,3661.7
2019-10-07,565.1,961.1,1798.8,3648.8
2019-10-08,564.8,962.2,2011.0,3654.3
2019-10-09,564.8,961.4,1798.7,3648.2
2019-10-10,564.8,962.3,2011.1,3656.6
2019-10-11,564.8,961.8,1798.7,3650.2
2019-10-12,563.9,962.7,2013.8,3661.7
2019-10-13,563.9,962.2,1802.4,3657.0
2019-10-14,565.1,962.6,2038.7,3656.0
2019-10-15,564.8,962.1,1799.2,3649.2
2019-10-16,564.8,963.9,2044.7,3655.4
2019-10-17,564.8,962.3,1799.3,3651.5
2019-10-18,564.8,964.4,2044.7,3657.4
2019-10-19,563.9,962.8,1802.9,3657.6
2019-10-20,563.8,964.8,2048.4,3661.7
2019-10-21,565.1,962.5,1799.2,3648.8
2019-10-22,564.8,964.5,2044.7,3654.3
2019-10-23,564.8,962.8,1799.2,3648.2
2019-10-24,564.8,964.5,2017.1,3656.6
2019-10-25,564.8,963.2,1798.6,3650.8
2019-10-26,563.9,964.2,2013.2,3661.7
2019-10-27,563.9,963.6,1802.3,3656.0
2019-10-28,565.1,963.7,2010.5,3654.9
2019-10-29,564.8,963.6,1798.6,3648.2
