Date,PI,DTI,CTI
2012-08-01,954,642,
2012-08-02,931,638,
2012-08-03,910,634,
2012-08-06,890,626,
2012-08-07,868,623,
2012-08-08,840,619,
2012-08-09,823,615,
2012-08-10,814,613,
2012-08-13,804,612,
2012-08-14,803,608,
2012-08-15,801,604,
2012-08-16,801,604,
2012-08-17,806,606,
2012-08-20,819,608,
2012-08-21,833,610,
2012-08-22,843,614,
2012-08-23,840,617,
2012-08-24,828,617,
2012-08-28,812,618,
2012-08-29,788,620,
2012-08-30,758,622,
2012-08-31,735,626,
2012-09-03,714,627,
2012-09-04,686,628,
2012-09-05,647,626,
2012-09-06,617,628,
2012-09-07,599,631,
2012-09-10,582,634,
2012-09-11,566,637,
2012-09-12,545,635,
2012-09-13,527,634,
2012-09-14,502,633,
2012-09-17,483,634,
2012-09-18,474,635,
2012-09-19,468,637,
2012-09-20,468,642,
2012-09-21,467,643,
2012-09-24,461,642,
2012-09-25,441,640,
2012-09-26,426,638,
2012-09-27,418,640,
2012-09-28,425,646,
2012-10-01,439,649,
2012-10-02,463,652,
2012-10-03,496,656,
2012-10-04,544,660,
2012-10-05,598,664,
2012-10-08,647,664,
2012-10-09,712,662,
2012-10-10,784,662,
2012-10-11,843,663,
2012-10-12,871,665,
2012-10-15,885,667,
2012-10-16,904,668,
2012-10-17,904,668,
2012-10-18,895,670,
2012-10-19,879,672,
2012-10-22,861,676,
2012-10-23,843,680,
2012-10-24,825,681,
2012-10-25,811,683,
2012-10-26,804,681,
2012-10-29,799,678,
2012-10-30,792,675,
2012-10-31,782,672,
2012-11-01,770,674,
2012-11-02,766,672,
2012-11-05,757,667,
2012-11-06,747,659,
2012-11-07,737,655,
2012-11-08,726,662,
2012-11-09,722,667,
2012-11-12,720,680,
2012-11-13,732,687,
2012-11-14,774,700,
2012-11-15,846,713,
2012-11-16,886,715,
2012-11-19,902,715,
2012-11-20,933,723,
2012-11-21,963,723,
2012-11-22,991,725,
2012-11-23,1013,723,
2012-11-26,1021,723,
2012-11-27,1023,721,
2012-11-28,1009,719,
2012-11-29,994,708,
2012-11-30,980,705,
2012-12-03,973,705,
2012-12-04,962,703,
2012-12-05,949,701,
2012-12-06,940,702,
2012-12-07,936,706,
2012-12-10,928,707,
2012-12-11,914,711,
2012-12-12,894,724,
2012-12-13,871,730,
2012-12-14,839,741,
2012-12-17,815,746,
2012-12-18,793,754,
2012-12-19,765,774,
2012-12-20,734,779,
2012-12-21,710,778,
2012-12-24,699,774,
2013-01-02,685,764,
2013-01-03,675,696,
2013-01-04,670,689,
2013-01-07,670,679,
2013-01-08,682,671,
2013-01-09,717,663,
2013-01-10,754,654,
2013-01-11,772,646,
2013-01-14,774,641,
2013-01-15,768,637,
2013-01-16,754,633,
2013-01-17,743,631,
2013-01-18,740,630,
2013-01-21,736,630,
2013-01-22,729,633,
2013-01-23,727,632,
2013-01-24,723,636,
2013-01-25,718,647,
2013-01-28,713,646,
2013-01-29,703,637,
2013-01-30,690,632,
2013-01-31,677,636,
2013-02-01,664,636,
2013-02-04,653,635,
2013-02-05,651,634,
2013-02-06,657,632,
2013-02-07,695,636,
2013-02-08,723,638,
2013-02-11,737,640,
2013-02-12,749,643,
2013-02-13,782,647,
2013-02-14,808,655,
2013-02-15,832,657,
2013-02-18,845,661,
2013-02-19,859,659,
2013-02-20,875,658,
2013-02-21,892,669,
2013-02-22,909,673,
2013-02-25,922,677,
2013-02-26,939,683,
2013-02-27,961,686,
2013-02-28,990,692,
2013-03-01,1036,697,
2013-03-04,1058,700,
2013-03-05,1080,696,
2013-03-06,1090,690,
2013-03-07,1112,686,
2013-03-08,1124,681,
2013-03-11,1128,674,
2013-03-12,1131,666,
2013-03-13,1138,661,
2013-03-14,1147,661,
2013-03-15,1162,669,
2013-03-18,1172,663,
2013-03-19,1184,662,
2013-03-20,1190,659,
2013-03-21,1202,664,
2013-03-22,1208,671,
2013-03-25,1210,677,
2013-03-26,1204,675,
2013-03-27,1191,669,
2013-03-28,1176,663,
2013-04-02,1155,661,
2013-04-03,1129,658,
2013-04-04,1106,659,
2013-04-05,1094,677,
2013-04-08,1084,707,
2013-04-09,1077,712,
2013-04-10,1080,709,
2013-04-11,1095,702,
2013-04-12,1112,682,
2013-04-15,1125,674,
2013-04-16,1143,663,
2013-04-17,1167,638,
2013-04-18,1180,630,
2013-04-19,1196,632,
2013-04-22,1202,634,
2013-04-23,1193,638,
2013-04-24,1165,638,
2013-04-25,1121,626,
2013-04-26,1082,622,
2013-04-29,1058,623,
2013-04-30,1028,621,
2013-05-01,1018,619,
2013-05-02,1010,623,
2013-05-03,1006,623,
2013-05-07,999,622,
2013-05-08,995,620,
2013-05-09,995,616,
2013-05-10,994,620,
2013-05-13,993,617,
2013-05-14,988,615,
2013-05-15,974,615,
2013-05-16,951,614,
2013-05-17,930,611,
2013-05-20,917,612,
2013-05-21,899,609,
2013-05-22,880,605,
2013-05-23,863,603,
2013-05-24,854,604,
2013-05-28,838,606,
2013-05-29,821,609,
2013-05-30,806,614,
2013-05-31,795,614,
2013-06-03,786,612,
2013-06-04,776,610,
2013-06-05,768,609,
2013-06-06,764,608,
2013-06-07,764,605,
2013-06-10,766,602,
2013-06-11,777,603,
2013-06-12,808,601,
2013-06-13,833,594,
2013-06-14,859,590,
2013-06-17,878,587,
2013-06-18,892,586,
2013-06-19,909,583,
2013-06-20,920,580,
2013-06-21,927,580,
2013-06-24,937,584,
2013-06-25,959,583,
2013-06-26,976,580,
2013-06-27,994,577,
2013-06-28,1007,577,
2013-07-01,1014,577,
2013-07-02,1016,580,
2013-07-03,1017,587,
2013-07-04,1012,589,
2013-07-05,1008,598,
2013-07-08,1002,603,
2013-07-09,1006,606,
2013-07-10,1024,609,
2013-07-11,1062,611,
2013-07-12,1097,613,
2013-07-15,1118,612,
2013-07-16,1136,611,
2013-07-17,1153,609,
2013-07-18,1165,617,
2013-07-19,1172,630,
2013-07-22,1170,650,
2013-07-23,1159,650,
2013-07-24,1145,649,
2013-07-25,1123,646,
2013-07-26,1104,650,
2013-07-29,1090,653,
2013-07-30,1075,650,
2013-07-31,1057,638,
2013-08-01,1041,624,
2013-08-02,1021,618,
2013-08-05,1009,618,
2013-08-06,992,618,
2013-08-07,977,618,
2013-08-08,962,621,
2013-08-09,948,629,
2013-08-12,940,632,
2013-08-13,933,631,
2013-08-14,928,631,
2013-08-15,926,642,
2013-08-16,923,645,
2013-08-19,917,644,
2013-08-20,912,647,
2013-08-21,905,653,
2013-08-22,904,663,
2013-08-23,903,663,
2013-08-27,904,658,
2013-08-28,901,645,
2013-08-29,904,642,
2013-08-30,907,630,
2013-09-02,912,622,
2013-09-03,921,618,
2013-09-04,933,608,
2013-09-05,961,604,
2013-09-06,1020,598,
2013-09-09,1105,593,
2013-09-10,1186,587,
2013-09-11,1241,583,
2013-09-12,1278,583,
2013-09-13,1306,585,
2013-09-16,1321,583,
2013-09-17,1349,582,
2013-09-18,1385,582,
2013-09-19,1415,580,
2013-09-20,1453,580,
2013-09-23,1509,589,
2013-09-24,1602,585,
2013-09-25,1745,586,
2013-09-26,1794,588,
2013-09-27,1800,587,
2013-09-30,1795,586,
2013-10-01,1786,584,
2013-10-02,1813,586,
2013-10-03,1862,587,
2013-10-04,1914,594,
2013-10-07,1947,601,
2013-10-08,1989,599,
2013-10-09,2016,601,
2013-10-10,2027,595,
2013-10-11,2024,591,
2013-10-14,2020,587,
2013-10-15,2021,586,
2013-10-16,2030,589,
2013-10-17,2059,607,
2013-10-18,2060,617,
2013-10-21,2054,621,
2013-10-22,2038,621,
2013-10-23,2010,617,
2013-10-24,1959,614,
2013-10-25,1904,596,
2013-10-28,1855,600,
2013-10-29,1790,599,
2013-10-30,1716,596,
2013-10-31,1667,591,
2013-11-01,1631,595,
2013-11-04,1612,604,
2013-11-05,1617,608,
2013-11-06,1614,615,
2013-11-07,1594,623,
2013-11-08,1565,631,
2013-11-11,1542,635,
2013-11-12,1510,635,
2013-11-13,1474,639,
2013-11-14,1438,643,
2013-11-15,1409,647,
2013-11-18,1382,642,
2013-11-19,1353,647,
2013-11-20,1346,650,
2013-11-21,1345,655,
2013-11-22,1362,652,
2013-11-25,1387,652,
2013-11-26,1427,652,
2013-11-27,1510,653,
2013-11-28,1613,666,
2013-11-29,1665,673,
2013-12-02,1695,674,
2013-12-03,1741,680,
2013-12-04,1795,694,
2013-12-05,1867,699,
2013-12-06,1923,709,
2013-12-09,1955,740,
2013-12-10,1997,759,
2013-12-11,2050,780,
2013-12-12,2085,795,
2013-12-13,2096,804,
2013-12-16,2082,823,
2013-12-17,2025,829,
2013-12-18,1946,853,
2013-12-19,1883,870,
2013-12-20,1858,897,
2013-12-23,1835,932,
2013-12-24,1825,997,
2014-01-02,1780,997,
2014-01-03,1750,1021,
2014-01-06,1724,1026,
2014-01-07,1692,1006,
2014-01-08,1672,1014,
2014-01-09,1645,1026,
2014-01-10,1621,1041,
2014-01-13,1598,1051,
2014-01-14,1580,1053,
2014-01-15,1572,1090,
2014-01-16,1570,1142,
2014-01-17,1564,1222,
2014-01-20,1552,1273,
2014-01-21,1530,1344,
2014-01-22,1496,1340,
2014-01-23,1468,1323,
2014-01-24,1437,1243,
2014-01-27,1413,1186,
2014-01-28,1387,1132,
2014-01-29,1369,1099,
2014-01-30,1347,1065,
2014-01-31,1337,1037,
2014-02-03,1326,1005,
2014-02-04,1313,958,
2014-02-05,1307,926,
2014-02-06,1307,890,
2014-02-07,1304,866,
2014-02-10,1305,853,
2014-02-11,1322,852,
2014-02-12,1324,846,
2014-02-13,1313,829,
2014-02-14,1311,818,
2014-02-17,1308,811,
2014-02-18,1298,802,
2014-02-19,1282,783,
2014-02-20,1261,772,
2014-02-21,1244,770,
2014-02-24,1222,761,
2014-02-25,1187,753,
2014-02-26,1154,750,
2014-02-27,1123,741,
2014-02-28,1099,737,
2014-03-03,1080,726,
2014-03-04,1062,717,
2014-03-05,1053,711,
2014-03-06,1056,702,
2014-03-07,1075,695,
2014-03-10,1088,689,
2014-03-11,1104,692,
2014-03-12,1102,681,
2014-03-13,1106,678,
2014-03-14,1113,676,
2014-03-17,1116,679,
2014-03-18,1118,682,
2014-03-19,1120,695,
2014-03-20,1120,699,
2014-03-21,1112,711,
2014-03-24,1107,712,
2014-03-25,1088,712,
2014-03-26,1062,711,
2014-03-27,1018,711,
2014-03-28,978,709,
2014-03-31,942,705,
2014-04-01,897,700,
2014-04-02,867,694,
2014-04-03,836,691,
2014-04-04,822,688,
2014-04-07,812,696,
2014-04-08,801,696,
2014-04-09,794,691,
2014-04-10,787,693,
2014-04-11,782,692,
2014-04-14,778,693,
2014-04-15,777,690,
2014-04-16,792,693,
2014-04-17,812,686,
2014-04-22,828,677,
2014-04-23,840,673,
2014-04-24,852,666,
2014-04-25,864,658,
2014-04-28,868,657,
2014-04-29,872,655,
2014-04-30,871,651,
2014-05-01,871,648,
2014-05-02,865,644,
2014-05-06,866,647,
2014-05-07,869,648,
2014-05-08,879,655,
2014-05-09,898,665,
2014-05-12,910,664,
2014-05-13,933,661,
2014-05-14,969,658,
2014-05-15,1016,657,
2014-05-16,1041,656,
2014-05-19,1054,652,
2014-05-20,1061,649,
2014-05-21,1056,651,
2014-05-22,1028,669,
2014-05-23,1001,684,
2014-05-27,971,691,
2014-05-28,940,682,
2014-05-29,904,674,
2014-05-30,872,667,
2014-06-02,846,657,
2014-06-03,816,651,
2014-06-04,786,641,
2014-06-05,758,635,
2014-06-06,727,630,
2014-06-09,713,635,
2014-06-10,699,636,
2014-06-11,678,637,
2014-06-12,635,637,
2014-06-13,582,635,
2014-06-16,542,641,
2014-06-17,514,641,
2014-06-18,492,650,
2014-06-19,474,672,
2014-06-20,461,712,
2014-06-23,452,715,
2014-06-24,446,717,
2014-06-25,433,717,
2014-06-26,423,717,
2014-06-27,419,723,
2014-06-30,423,721,
2014-07-01,446,724,
2014-07-02,485,728,
2014-07-03,557,747,
2014-07-04,640,750,
2014-07-07,680,741,
2014-07-08,704,736,
2014-07-09,710,739,
2014-07-10,702,752,
2014-07-11,679,774,
2014-07-14,666,786,
2014-07-15,644,796,
2014-07-16,621,820,
2014-07-17,603,884,
2014-07-18,586,896,
2014-07-21,576,906,
2014-07-22,576,918,
2014-07-23,584,955,
2014-07-24,596,946,
2014-07-25,606,931,
2014-07-28,616,891,
2014-07-29,624,862,
2014-07-30,625,848,
2014-07-31,619,842,
2014-08-01,611,833,
2014-08-04,610,826,
2014-08-05,609,815,
2014-08-06,609,800,
2014-08-07,616,794,
2014-08-08,624,811,
2014-08-11,634,807,
2014-08-12,651,793,
2014-08-13,674,762,
2014-08-14,739,753,
2014-08-15,803,748,
2014-08-18,836,747,
2014-08-19,837,749,
2014-08-20,828,759,
2014-08-21,818,768,
2014-08-22,812,761,
2014-08-26,808,759,
2014-08-27,811,742,
2014-08-28,842,735,
2014-08-29,871,722,
2014-09-01,888,699,
2014-09-02,903,693,
2014-09-03,919,687,
2014-09-04,927,682,
2014-09-05,931,677,
2014-09-08,940,674,
2014-09-09,940,665,
2014-09-10,916,660,
2014-09-11,895,652,
2014-09-12,875,645,
2014-09-15,860,640,
2014-09-16,843,635,
2014-09-17,829,630,
2014-09-18,819,625,
2014-09-19,814,615,
2014-09-22,809,612,
2014-09-23,800,607,
2014-09-24,798,604,
2014-09-25,799,605,
2014-09-26,807,608,
2014-09-29,812,611,
2014-09-30,826,613,
2014-10-01,854,623,
2014-10-02,878,639,
2014-10-03,887,639,
2014-10-06,889,645,
2014-10-07,884,649,
2014-10-08,869,657,
2014-10-09,864,664,
2014-10-10,865,674,
2014-10-13,868,678,
2014-10-14,885,683,
2014-10-15,909,689,
2014-10-16,940,694,
2014-10-17,966,698,
2014-10-20,995,700,
2014-10-21,1032,702,
2014-10-22,1066,703,
2014-10-23,1099,699,
2014-10-24,1121,699,
2014-10-27,1137,716,
2014-10-28,1172,735,
2014-10-29,1202,754,
2014-10-30,1222,777,
2014-10-31,1233,795,
2014-11-03,1241,809,
2014-11-04,1238,813,
2014-11-05,1224,820,
2014-11-06,1205,825,
2014-11-07,1183,833,
2014-11-10,1168,839,
2014-11-11,1150,839,
2014-11-12,1133,835,
2014-11-13,1112,843,
2014-11-14,1089,865,
2014-11-17,1069,871,
2014-11-18,1061,909,
2014-11-19,1055,937,
2014-11-20,1053,964,
2014-11-21,1055,973,
2014-11-24,1059,975,
2014-11-25,1064,960,
2014-11-26,1073,947,
2014-11-27,1099,939,
2014-11-28,1120,893,
2014-12-01,1124,866,
2014-12-02,1119,851,
2014-12-03,1108,833,
2014-12-04,1097,826,
2014-12-05,1088,818,
2014-12-08,1081,815,
2014-12-09,1066,818,
2014-12-10,1047,824,
2014-12-11,1026,835,
2014-12-12,1001,842,
2014-12-15,980,857,
2014-12-16,961,871,
2014-12-17,945,886,
2014-12-18,929,888,
2014-12-19,907,881,
2014-12-22,891,877,
2014-12-23,872,872,
2014-12-24,856,862,
2015-01-02,827,862,
2015-01-05,811,885,
2015-01-06,794,884,
2015-01-07,780,884,
2015-01-08,776,884,
2015-01-09,764,895,
2015-01-12,762,905,
2015-01-13,766,914,
2015-01-14,766,933,
2015-01-15,766,937,
2015-01-16,759,942,
2015-01-19,751,950,
2015-01-20,741,948,
2015-01-21,725,953,
2015-01-22,704,946,
2015-01-23,685,934,
2015-01-26,669,917,
2015-01-27,648,889,
2015-01-28,620,878,
2015-01-29,550,870,
2015-01-30,508,868,
2015-02-02,480,863,
2015-02-03,454,894,
2015-02-04,437,904,
2015-02-05,428,910,
2015-02-06,430,922,
2015-02-09,434,920,
2015-02-10,446,900,
2015-02-11,469,886,
2015-02-12,489,870,
2015-02-13,499,867,
2015-02-16,505,863,
2015-02-17,508,853,
2015-02-18,514,841,
2015-02-19,516,845,
2015-02-20,514,841,
2015-02-23,512,840,
2015-02-24,514,838,
2015-02-25,519,838,
2015-02-26,531,838,
2015-02-27,540,837,
2015-03-02,551,841,
2015-03-03,564,835,
2015-03-04,576,835,
2015-03-05,583,844,
2015-03-06,587,851,
2015-03-09,590,848,
2015-03-10,591,837,
2015-03-11,588,827,
2015-03-12,586,818,
2015-03-13,585,816,
2015-03-16,588,812,
2015-03-17,595,809,
2015-03-18,604,796,
2015-03-19,613,783,
2015-03-20,617,772,
2015-03-23,617,769,
2015-03-24,609,786,
2015-03-25,602,803,
2015-03-26,599,813,
2015-03-27,597,811,
2015-03-30,600,801,
2015-03-31,598,792,
2015-04-01,596,809,
2015-04-02,589,804,
2015-04-07,584,795,
2015-04-08,585,776,
2015-04-09,591,764,
2015-04-10,600,771,
2015-04-13,609,772,
2015-04-14,619,778,
2015-04-15,626,790,
2015-04-16,636,798,
2015-04-17,642,800,
2015-04-20,646,799,
2015-04-21,659,805,
2015-04-22,669,801,
2015-04-23,680,792,
2015-04-24,685,784,
2015-04-27,687,778,
2015-04-28,685,773,
2015-04-29,673,772,
2015-04-30,658,768,
2015-05-01,647,754,
2015-05-05,633,749,
2015-05-06,618,745,
2015-05-07,603,741,
2015-05-08,594,744,
2015-05-11,586,753,
2015-05-12,583,746,
2015-05-13,584,748,
2015-05-14,580,761,
2015-05-15,579,806,
2015-05-18,578,829,
2015-05-19,574,846,
2015-05-20,565,892,
2015-05-21,556,938,
2015-05-22,549,918,
2015-05-26,540,901,
2015-05-27,530,883,
2015-05-28,525,868,
2015-05-29,524,865,
2015-06-01,522,856,
2015-06-02,528,848,
2015-06-03,544,848,
2015-06-04,570,859,
2015-06-05,596,863,
2015-06-08,608,874,
2015-06-09,630,887,
2015-06-10,662,914,
2015-06-11,696,910,
2015-06-12,719,908,
2015-06-15,742,917,
2015-06-16,772,917,
2015-06-17,817,931,
2015-06-18,847,969,
2015-06-19,851,1011,
2015-06-22,845,1025,
2015-06-23,834,1046,
2015-06-24,829,1070,
2015-06-25,827,1066,
2015-06-26,833,1054,
2015-06-29,838,1026,
2015-06-30,845,989,
2015-07-01,858,972,
2015-07-02,883,952,
2015-07-03,908,936,
2015-07-06,927,916,
2015-07-07,945,903,
2015-07-08,973,888,
2015-07-09,1016,870,
2015-07-10,1052,857,
2015-07-13,1076,835,
2015-07-14,1096,827,
2015-07-15,1122,820,
2015-07-16,1149,824,
2015-07-17,1162,840,
2015-07-20,1170,846,
2015-07-21,1179,854,
2015-07-22,1179,849,
2015-07-23,1161,826,
2015-07-24,1137,817,
2015-07-27,1115,813,
2015-07-28,1095,803,
2015-07-29,1069,792,
2015-07-30,1044,776,
2015-07-31,1023,763,
2015-08-03,1006,755,
2015-08-04,1001,742,
2015-08-05,1005,735,
2015-08-06,1013,726,
2015-08-07,1021,713,
2015-08-10,1028,708,
2015-08-11,1043,694,
2015-08-12,1053,677,
2015-08-13,1054,673,
2015-08-14,1057,673,
2015-08-17,1057,668,
2015-08-18,1052,665,
2015-08-19,1049,654,
2015-08-20,1052,644,
2015-08-21,1054,632,
2015-08-24,1052,622,
2015-08-25,1047,611,
2015-08-26,1031,601,
2015-08-27,1000,595,
2015-08-28,974,593,
2015-09-01,949,598,
2015-09-02,912,609,
2015-09-03,870,616,
2015-09-04,837,628,
2015-09-07,812,633,
2015-09-08,793,640,
2015-09-09,776,639,
2015-09-10,751,642,
2015-09-11,735,640,
2015-09-14,723,635,
2015-09-15,720,629,
2015-09-16,716,626,
2015-09-17,727,639,
2015-09-18,753,658,
2015-09-21,769,666,
2015-09-22,769,671,
2015-09-23,761,674,
2015-09-24,751,697,
2015-09-25,744,705,
2015-09-28,738,706,
2015-09-29,725,703,
2015-09-30,712,698,
2015-10-01,704,715,
2015-10-02,701,725,
2015-10-05,699,745,
2015-10-06,700,754,
2015-10-07,709,774,
2015-10-08,736,786,
2015-10-09,761,790,
2015-10-12,768,783,
2015-10-13,770,778,
2015-10-14,761,769,
2015-10-15,742,771,
2015-10-16,722,772,
2015-10-19,710,771,
2015-10-20,701,756,
2015-10-21,693,751,
2015-10-22,685,749,
2015-10-23,683,739,
2015-10-26,681,739,
2015-10-27,686,737,
2015-10-28,687,756,
2015-10-29,682,744,
2015-10-30,675,750,
2015-11-02,665,788,
2015-11-03,653,816,
2015-11-04,636,823,
2015-11-05,618,822,
2015-11-06,603,822,
2015-11-09,589,828,
2015-11-10,575,831,
2015-11-11,555,835,
2015-11-12,534,852,
2015-11-13,514,853,
2015-11-16,500,861,
2015-11-17,487,863,
2015-11-18,477,871,
2015-11-19,468,879,
2015-11-20,463,883,
2015-11-23,461,887,
2015-11-24,460,888,
2015-11-25,463,890,
2015-11-26,459,891,
2015-11-27,456,899,
2015-11-30,453,904,
2015-12-01,450,907,
2015-12-02,446,926,
2015-12-03,438,953,
2015-12-04,433,962,
2015-12-07,426,962,
2015-12-08,420,962,
2015-12-09,412,956,
2015-12-10,408,943,
2015-12-11,410,920,
2015-12-14,410,920,
2015-12-15,411,904,
2015-12-16,415,897,564.0
2015-12-17,421,898,565.0
2015-12-18,426,897,565.0
2015-12-21,433,897,568.0
2015-12-22,445,889,571.0
2015-12-23,457,879,577.0
2015-12-24,462,873,578.0
2016-01-04,464,869,580.0
2016-01-05,466,1065,688.0
2016-01-06,464,1057,712.0
2016-01-07,450,1051,719.0
2016-01-08,434,1043,716.0
2016-01-11,420,1016,716.0
2016-01-12,411,988,715.0
2016-01-13,399,957,718.0
2016-01-14,388,929,717.0
2016-01-15,381,906,712.0
2016-01-18,375,897,707.0
2016-01-19,369,882,702.0
2016-01-20,360,882,693.0
2016-01-21,346,876,691.0
2016-01-22,334,870,686.0
2016-01-25,325,859,686.0
2016-01-26,312,838,680.0
2016-01-27,303,820,674.0
2016-01-28,293,812,664.0
2016-01-29,287,806,650.0
2016-02-01,282,817,645.0
2016-02-02,282,815,635.0
2016-02-03,284,808,625.0
2016-02-04,289,802,615.0
2016-02-05,295,800,609.0
2016-02-08,298,795,588.0
2016-02-09,297,791,572.0
2016-02-10,301,787,554.0
2016-02-11,312,793,551.0
2016-02-12,324,813,541.0
2016-02-15,334,819,535.0
2016-02-16,346,816,528.0
2016-02-17,357,809,527.0
2016-02-18,358,807,528.0
2016-02-19,355,806,526.0
2016-02-22,350,799,524.0
2016-02-23,346,788,524.0
2016-02-24,346,779,522.0
2016-02-25,346,767,518.0
2016-02-26,352,751,519.0
2016-02-29,354,740,516.0
2016-03-01,357,730,515.0
2016-03-02,364,722,515.0
2016-03-03,374,717,517.0
2016-03-04,386,715,519.0
2016-03-07,397,720,518.0
2016-03-08,422,738,515.0
2016-03-09,447,756,500.0
2016-03-10,466,771,492.0
2016-03-11,477,794,494.0
2016-03-14,481,833,502.0
2016-03-15,481,861,505.0
2016-03-16,474,870,503.0
2016-03-17,467,865,500.0
2016-03-18,463,872,501.0
2016-03-21,459,866,499.0
2016-03-22,455,848,501.0
2016-03-23,458,819,499.0
2016-03-24,466,803,499.0
2016-03-29,471,809,497.0
2016-03-30,484,818,496.0
2016-03-31,501,837,494.0
2016-04-01,535,840,495.0
2016-04-04,563,833,495.0
2016-04-05,596,808,494.0
2016-04-06,619,786,495.0
2016-04-07,627,774,494.0
2016-04-08,643,752,498.0
2016-04-11,654,752,498.0
2016-04-12,666,755,498.0
2016-04-13,678,764,504.0
2016-04-14,700,782,514.0
2016-04-15,727,788,532.0
2016-04-18,740,793,536.0
2016-04-19,746,790,536.0
2016-04-20,747,787,535.0
2016-04-21,743,777,539.0
2016-04-22,736,770,550.0
2016-04-25,727,775,556.0
2016-04-26,718,778,555.0
2016-04-27,704,774,555.0
2016-04-28,685,749,554.0
2016-04-29,667,740,552.0
2016-05-03,640,730,545.0
2016-05-04,621,717,534.0
2016-05-05,607,716,520.0
2016-05-06,591,713,519.0
2016-05-09,584,715,512.0
2016-05-10,581,715,508.0
2016-05-11,583,735,500.0
2016-05-12,589,735,496.0
2016-05-13,597,732,484.0
2016-05-16,598,732,477.0
2016-05-17,604,734,475.0
2016-05-18,611,736,469.0
2016-05-19,617,740,470.0
2016-05-20,614,747,473.0
2016-05-23,611,744,480.0
2016-05-24,608,731,487.0
2016-05-25,596,716,495.0
2016-05-26,586,723,501.0
2016-05-27,582,728,503.0
2016-05-31,574,735,500.0
2016-06-01,568,753,496.0
2016-06-02,560,762,495.0
2016-06-03,550,765,493.0
2016-06-06,544,759,490.0
2016-06-07,542,754,489.0
2016-06-08,540,739,487.0
2016-06-09,543,741,479.0
2016-06-10,543,736,475.0
2016-06-13,542,730,473.0
2016-06-14,543,713,471.0
2016-06-15,545,705,461.0
2016-06-16,545,712,449.0
2016-06-17,546,714,448.0
2016-06-20,546,718,443.0
2016-06-21,548,711,438.0
2016-06-22,556,705,433.0
2016-06-23,569,710,437.0
2016-06-24,585,713,442.0
2016-06-27,601,714,453.0
2016-06-28,618,703,457.0
2016-06-29,634,695,464.0
2016-06-30,662,694,464.0
2016-07-01,691,691,464.0
2016-07-04,710,686,462.0
2016-07-05,735,679,456.0
2016-07-06,755,673,448.0
2016-07-07,779,672,439.0
2016-07-08,792,669,437.0
2016-07-11,799,666,437.0
2016-07-12,809,654,436.0
2016-07-13,819,639,432.0
2016-07-14,842,628,433.0
2016-07-15,863,620,435.0
2016-07-18,874,612,442.0
2016-07-19,879,604,445.0
2016-07-20,872,599,450.0
2016-07-21,850,592,459.0
2016-07-22,827,589,462.0
2016-07-25,806,582,463.0
2016-07-26,784,579,461.0
2016-07-27,752,567,462.0
2016-07-28,719,559,464.0
2016-07-29,692,550,466.0
2016-08-01,673,541,465.0
2016-08-02,658,532,462.0
2016-08-03,648,523,459.0
2016-08-04,641,515,458.0
2016-08-05,640,509,458.0
2016-08-08,638,509,452.0
2016-08-09,642,505,447.0
2016-08-10,659,504,449.0
2016-08-11,687,500,449.0
2016-08-12,703,497,451.0
2016-08-15,713,496,450.0
2016-08-16,721,497,455.0
2016-08-17,726,497,460.0
2016-08-18,727,500,462.0
2016-08-19,727,501,461.0
2016-08-22,721,504,463.0
2016-08-23,714,506,462.0
2016-08-24,706,505,456.0
2016-08-25,700,512,454.0
2016-08-26,687,515,455.0
2016-08-30,674,515,457.0
2016-08-31,660,510,455.0
2016-09-01,652,515,447.0
2016-09-02,644,514,441.0
2016-09-05,640,516,437.0
2016-09-06,641,517,434.0
2016-09-07,648,528,427.0
2016-09-08,655,537,421.0
2016-09-09,658,536,416.0
2016-09-12,659,542,408.0
2016-09-13,656,543,402.0
2016-09-14,649,548,396.0
2016-09-15,645,549,389.0
2016-09-16,646,555,386.0
2016-09-19,650,561,383.0
2016-09-20,657,566,387.0
2016-09-21,673,588,389.0
2016-09-22,700,602,382.0
2016-09-23,722,606,380.0
2016-09-26,739,611,378.0
2016-09-27,750,618,379.0
2016-09-28,751,638,375.0
2016-09-29,741,644,365.0
2016-09-30,726,638,358.0
2016-10-03,713,625,352.0
2016-10-04,705,622,349.0
2016-10-05,699,616,347.0
2016-10-06,704,613,346.0
2016-10-07,717,619,350.0
2016-10-10,729,621,354.0
2016-10-11,745,626,357.0
2016-10-12,763,633,361.0
2016-10-13,790,641,367.0
2016-10-14,819,657,385.0
2016-10-17,838,673,390.0
2016-10-18,860,674,395.0
2016-10-19,885,681,407.0
2016-10-20,905,686,418.0
2016-10-21,915,692,422.0
2016-10-24,923,691,428.0
2016-10-25,925,680,434.0
2016-10-26,925,667,434.0
2016-10-27,921,658,430.0
2016-10-28,913,657,426.0
2016-10-31,905,660,423.0
2016-11-01,895,656,417.0
2016-11-02,885,655,505.0
2016-11-03,886,670,471.0
2016-11-04,885,667,445.0
2016-11-07,889,665,424.0
2016-11-08,903,659,409.0
2016-11-09,927,661,398.0
2016-11-10,956,682,394.0
2016-11-11,1011,744,391.0
2016-11-14,1058,750,395.0
2016-11-15,1162,740,398.0
2016-11-16,1263,740,411.0
2016-11-17,1353,786,430.0
2016-11-18,1388,831,437.0
2016-11-21,1387,828,447.0
2016-11-22,1382,834,456.0
2016-11-23,1387,862,459.0
2016-11-24,1385,870,459.0
2016-11-25,1389,886,460.0
2016-11-28,1400,892,456.0
2016-11-29,1424,896,448.0
2016-11-30,1465,895,443.0
2016-12-01,1486,891,439.0
2016-12-02,1508,878,436.0
2016-12-05,1541,889,434.0
2016-12-06,1563,887,437.0
2016-12-07,1565,863,439.0
2016-12-08,1547,868,440.0
2016-12-09,1508,889,441.0
2016-12-12,1469,903,443.0
2016-12-13,1419,887,442.0
2016-12-14,1332,889,446.0
2016-12-15,1234,895,470.0
2016-12-16,1126,909,491.0
2016-12-19,1037,911,522.0
2016-12-20,976,910,552.0
2016-12-21,905,920,595.0
2016-12-22,866,945,668.0
2016-12-23,852,936,675.0
2017-01-03,811,919,678.0
2017-01-04,807,1088,867.0
2017-01-05,837,1053,861.0
2017-01-06,892,1024,854.0
2017-01-09,927,1026,846.0
2017-01-10,973,1013,800.0
2017-01-11,1021,1017,775.0
2017-01-12,1038,1018,746.0
2017-01-13,1042,1024,707.0
2017-01-16,1039,1027,684.0
2017-01-17,1019,1018,660.0
2017-01-18,998,1001,642.0
2017-01-19,981,1006,632.0
2017-01-20,970,1002,616.0
2017-01-23,962,997,619.0
2017-01-24,964,995,624.0
2017-01-25,972,987,619.0
2017-01-26,973,977,621.0
2017-01-27,968,965,615.0
2017-01-30,964,946,614.0
2017-01-31,951,930,606.0
2017-02-01,933,901,603.0
2017-02-02,926,877,595.0
2017-02-03,922,864,591.0
2017-02-06,922,858,585.0
2017-02-07,931,856,582.0
2017-02-08,934,846,580.0
2017-02-09,940,842,581.0
2017-02-10,943,846,581.0
2017-02-13,944,847,582.0
2017-02-14,939,851,577.0
2017-02-15,933,862,586.0
2017-02-16,923,850,596.0
2017-02-17,917,869,605.0
2017-02-20,909,863,612.0
2017-02-21,906,859,613.0
2017-02-22,908,857,612.0
2017-02-23,927,852,614.0
2017-02-24,947,856,614.0
2017-02-27,966,857,609.0
2017-02-28,995,847,606.0
2017-03-01,1041,835,601.0
2017-03-02,1084,831,601.0
2017-03-03,1118,837,603.0
2017-03-06,1154,841,611.0
2017-03-07,1194,838,617.0
2017-03-08,1220,839,620.0
2017-03-09,1220,859,634.0
2017-03-10,1211,862,638.0
2017-03-13,1207,850,644.0
2017-03-14,1185,850,646.0
2017-03-15,1150,847,660.0
2017-03-16,1129,835,680.0
2017-03-17,1108,832,701.0
2017-03-20,1103,824,720.0
2017-03-21,1101,824,748.0
2017-03-22,1119,826,767.0
2017-03-23,1170,816,790.0
2017-03-24,1218,812,807.0
2017-03-27,1253,804,806.0
2017-03-28,1306,799,803.0
2017-03-29,1346,802,792.0
2017-03-30,1366,800,784.0
2017-03-31,1374,794,771.0
2017-04-03,1379,790,751.0
2017-04-04,1377,781,739.0
2017-04-05,1371,778,704.0
2017-04-06,1387,773,679.0
2017-04-07,1427,777,672.0
2017-04-10,1466,775,665.0
2017-04-11,1533,776,661.0
2017-04-12,1583,776,646.0
2017-04-13,1611,790,639.0
2017-04-18,1621,800,645.0
2017-04-19,1612,814,638.0
2017-04-20,1553,819,643.0
2017-04-21,1494,819,660.0
2017-04-24,1429,812,661.0
2017-04-25,1371,812,654.0
2017-04-26,1320,802,646.0
2017-04-27,1260,797,637.0
2017-04-28,1187,786,620.0
2017-05-02,1140,785,613.0
2017-05-03,1096,778,590.0
2017-05-04,1048,767,579.0
2017-05-05,1023,768,570.0
2017-05-08,1009,774,566.0
2017-05-09,1007,775,558.0
2017-05-10,1011,772,550.0
2017-05-11,1006,763,546.0
2017-05-12,992,748,545.0
2017-05-15,978,741,540.0
2017-05-16,956,742,536.0
2017-05-17,925,737,522.0
2017-05-18,894,757,523.0
2017-05-19,870,765,516.0
2017-05-22,854,785,513.0
2017-05-23,850,799,516.0
2017-05-24,849,821,520.0
2017-05-25,848,825,538.0
2017-05-26,845,814,540.0
2017-05-30,842,807,549.0
2017-05-31,829,785,556.0
2017-06-01,810,768,558.0
2017-06-02,792,756,559.0
2017-06-05,789,742,554.0
2017-06-06,783,733,548.0
2017-06-07,783,718,546.0
2017-06-08,793,708,545.0
2017-06-09,813,705,540.0
2017-06-12,833,702,539.0
2017-06-13,865,700,533.0
2017-06-14,903,699,529.0
2017-06-15,938,705,522.0
2017-06-16,964,704,517.0
2017-06-19,984,702,522.0
2017-06-20,1017,699,521.0
2017-06-21,1070,690,527.0
2017-06-22,1109,688,537.0
2017-06-23,1138,686,546.0
2017-06-26,1145,683,559.0
2017-06-27,1151,681,564.0
2017-06-28,1150,671,570.0
2017-06-29,1119,670,568.0
2017-06-30,1091,668,569.0
2017-07-03,1068,663,563.0
2017-07-04,1062,659,562.0
2017-07-05,1060,656,563.0
2017-07-06,1063,656,566.0
2017-07-07,1062,647,583.0
2017-07-10,1061,649,580.0
2017-07-11,1069,651,569.0
2017-07-12,1098,651,567.0
2017-07-13,1141,647,565.0
2017-07-14,1173,644,557.0
2017-07-17,1202,644,551.0
2017-07-18,1226,648,549.0
2017-07-19,1252,643,546.0
2017-07-20,1260,642,545.0
2017-07-21,1258,649,548.0
2017-07-24,1248,655,550.0
2017-07-25,1225,649,549.0
2017-07-26,1192,646,556.0
2017-07-27,1146,647,551.0
2017-07-28,1109,644,545.0
2017-07-31,1095,640,544.0
2017-08-01,1098,639,541.0
2017-08-02,1118,632,543.0
2017-08-03,1143,632,552.0
2017-08-04,1153,628,556.0
2017-08-07,1158,619,556.0
2017-08-08,1170,614,556.0
2017-08-09,1192,616,556.0
2017-08-10,1228,618,555.0
2017-08-11,1256,620,552.0
2017-08-14,1272,621,551.0
2017-08-15,1289,618,546.0
2017-08-16,1310,617,530.0
2017-08-17,1336,620,517.0
2017-08-18,1345,618,520.0
2017-08-21,1349,621,511.0
2017-08-22,1345,622,511.0
2017-08-23,1311,621,511.0
2017-08-24,1259,620,510.0
2017-08-25,1235,627,508.0
2017-08-29,1215,643,521.0
2017-08-30,1195,659,564.0
2017-08-31,1189,667,648.0
2017-09-01,1198,677,703.0
2017-09-04,1227,682,737.0
2017-09-05,1275,691,674.0
2017-09-06,1314,698,624.0
2017-09-07,1351,699,607.0
2017-09-08,1375,701,609.0
2017-09-11,1394,707,590.0
2017-09-12,1429,715,580.0
2017-09-13,1464,725,560.0
2017-09-14,1499,732,548.0
2017-09-15,1521,739,545.0
2017-09-18,1529,744,548.0
2017-09-19,1536,744,575.0
2017-09-20,1531,740,587.0
2017-09-21,1514,751,610.0
2017-09-22,1493,760,617.0
2017-09-25,1474,772,621.0
2017-09-26,1446,781,629.0
2017-09-27,1406,780,652.0
2017-09-28,1352,783,666.0
2017-09-29,1308,782,671.0
2017-10-02,1268,776,667.0
2017-10-03,1247,775,651.0
2017-10-04,1276,758,634.0
2017-10-05,1345,760,622.0
2017-10-06,1406,766,617.0
2017-10-09,1438,776,615.0
2017-10-10,1465,783,609.0
2017-10-11,1504,818,599.0
2017-10-12,1556,856,591.0
2017-10-13,1606,870,573.0
2017-10-16,1637,903,563.0
2017-10-17,1651,913,551.0
2017-10-18,1646,916,544.0
2017-10-19,1648,907,540.0
2017-10-20,1643,902,531.0
2017-10-23,1642,896,527.0
2017-10-24,1626,899,520.0
2017-10-25,1592,901,515.0
2017-10-26,1553,912,515.0
2017-10-27,1517,920,516.0
2017-10-30,1498,914,524.0
2017-10-31,1492,904,523.0
2017-11-01,1503,871,528.0
2017-11-02,1539,867,534.0
2017-11-03,1562,855,539.0
2017-11-06,1567,843,540.0
2017-11-07,1558,820,542.0
2017-11-08,1515,814,542.0
2017-11-09,1468,807,544.0
2017-11-10,1418,802,546.0
2017-11-13,1387,803,550.0
2017-11-14,1346,796,556.0
2017-11-15,1320,790,570.0
2017-11-16,1298,787,582.0
2017-11-17,1285,790,594.0
2017-11-20,1280,809,590.0
2017-11-21,1275,827,594.0
2017-11-22,1281,827,595.0
2017-11-23,1284,826,599.0
2017-11-24,1295,820,600.0
2017-11-27,1299,812,602.0
2017-11-28,1320,798,603.0
2017-11-29,1368,799,611.0
2017-11-30,1433,794,615.0
2017-12-01,1494,806,634.0
2017-12-04,1559,820,649.0
2017-12-05,1571,821,677.0
2017-12-06,1563,822,688.0
2017-12-07,1564,824,685.0
2017-12-08,1588,823,679.0
2017-12-11,1624,814,686.0
2017-12-12,1672,814,684.0
2017-12-13,1718,812,686.0
2017-12-14,1714,812,694.0
2017-12-15,1677,814,702.0
2017-12-18,1643,815,707.0
2017-12-19,1593,820,722.0
2017-12-20,1546,824,723.0
2017-12-21,1445,825,722.0
2017-12-22,1395,831,719.0
2018-01-02,1340,827,720.0
2018-01-03,1332,700,655.0
2018-01-04,1365,683,653.0
2018-01-05,1400,676,653.0
2018-01-08,1424,680,656.0
2018-01-09,1428,682,646.0
2018-01-10,1404,691,628.0
2018-01-11,1371,685,616.0
2018-01-12,1348,681,609.0
2018-01-15,1340,684,602.0
2018-01-16,1329,693,583.0
2018-01-17,1317,717,569.0
2018-01-18,1311,715,566.0
2018-01-19,1333,707,570.0
2018-01-22,1362,705,567.0
2018-01-23,1404,702,564.0
2018-01-24,1456,694,569.0
2018-01-25,1481,691,571.0
2018-01-26,1492,683,589.0
2018-01-29,1485,682,623.0
2018-01-30,1450,679,637.0
2018-01-31,1411,670,628.0
2018-02-01,1378,664,602.0
2018-02-02,1359,661,598.0
2018-02-05,1339,658,606.0
2018-02-06,1316,654,606.0
2018-02-07,1293,648,615.0
2018-02-08,1263,648,614.0
2018-02-09,1250,643,619.0
2018-02-12,1237,642,632.0
2018-02-13,1228,640,634.0
2018-02-14,1231,637,642.0
2018-02-15,1251,642,638.0
2018-02-16,1273,649,630.0
2018-02-19,1294,649,628.0
2018-02-20,1333,645,623.0
2018-02-21,1388,641,613.0
2018-02-22,1438,640,617.0
2018-02-23,1481,645,618.0
2018-02-26,1504,646,622.0
2018-02-27,1513,652,618.0
2018-02-28,1513,658,621.0
2018-03-01,1505,658,622.0
2018-03-02,1500,662,604.0
2018-03-05,1502,669,600.0
2018-03-06,1528,664,598.0
2018-03-07,1553,654,596.0
2018-03-08,1590,648,590.0
2018-03-09,1615,651,585.0
2018-03-12,1624,653,580.0
2018-03-13,1623,648,577.0
2018-03-14,1623,642,567.0
2018-03-15,1619,641,563.0
2018-03-16,1618,639,564.0
2018-03-19,1621,635,564.0
2018-03-20,1615,636,559.0
2018-03-21,1606,645,561.0
2018-03-22,1593,649,560.0
2018-03-23,1587,652,554.0
2018-03-26,1575,656,557.0
2018-03-27,1552,658,563.0
2018-03-28,1520,662,563.0
2018-03-29,1495,662,563.0
2018-04-03,1455,661,560.0
2018-04-04,1397,651,543.0
2018-04-05,1343,648,520.0
2018-04-06,1317,646,510.0
2018-04-09,1315,643,501.0
2018-04-10,1319,637,498.0
2018-04-11,1325,631,510.0
2018-04-12,1335,628,523.0
2018-04-13,1351,639,525.0
2018-04-16,1359,640,529.0
2018-04-17,1353,638,535.0
2018-04-18,1329,636,538.0
2018-04-19,1306,635,554.0
2018-04-20,1289,637,557.0
2018-04-23,1281,637,558.0
2018-04-24,1269,639,555.0
2018-04-25,1264,637,557.0
2018-04-26,1272,639,563.0
2018-04-27,1275,648,571.0
2018-04-30,1276,655,571.0
2018-05-01,1271,656,567.0
2018-05-02,1271,655,560.0
2018-05-03,1266,647,545.0
2018-05-04,1265,648,546.0
2018-05-08,1257,650,545.0
2018-05-09,1253,655,541.0
2018-05-10,1246,656,541.0
2018-05-11,1245,656,540.0
2018-05-14,1240,657,542.0
2018-05-15,1237,656,540.0
2018-05-16,1237,667,532.0
2018-05-17,1239,681,529.0
2018-05-18,1241,692,524.0
2018-05-21,1243,714,525.0
2018-05-22,1239,729,526.0
2018-05-23,1222,748,535.0
2018-05-24,1202,761,546.0
2018-05-25,1187,776,558.0
2018-05-29,1163,781,563.0
2018-05-30,1149,779,569.0
2018-05-31,1160,768,555.0
2018-06-01,1192,754,555.0
2018-06-04,1217,754,549.0
2018-06-05,1250,749,546.0
2018-06-06,1290,745,541.0
2018-06-07,1344,735,538.0
2018-06-08,1418,731,535.0
2018-06-11,1451,734,531.0
2018-06-12,1474,746,525.0
2018-06-13,1488,751,522.0
2018-06-14,1498,768,518.0
2018-06-15,1495,760,518.0
2018-06-18,1482,746,515.0
2018-06-19,1458,736,511.0
2018-06-20,1419,743,507.0
2018-06-21,1382,743,506.0
2018-06-22,1355,742,507.0
2018-06-25,1339,745,506.0
2018-06-26,1321,745,503.0
2018-06-27,1324,735,500.0
2018-06-28,1331,727,496.0
2018-06-29,1336,724,493.0
2018-07-02,1338,712,496.0
2018-07-03,1336,705,500.0
2018-07-04,1334,702,501.0
2018-07-05,1339,705,501.0
2018-07-06,1347,710,502.0
2018-07-09,1367,721,502.0
2018-07-10,1431,729,501.0
2018-07-11,1498,732,499.0
2018-07-12,1517,741,499.0
2018-07-13,1527,738,500.0
2018-07-16,1529,744,499.0
2018-07-17,1530,738,499.0
2018-07-18,1529,723,494.0
2018-07-19,1538,714,494.0
2018-07-20,1557,713,496.0
2018-07-23,1566,723,500.0
2018-07-24,1581,727,507.0
2018-07-25,1588,748,511.0
2018-07-26,1583,753,512.0
2018-07-27,1588,755,508.0
2018-07-30,1587,759,503.0
2018-07-31,1570,768,500.0
2018-08-01,1539,768,498.0
2018-08-02,1491,760,492.0
2018-08-03,1447,756,490.0
2018-08-06,1420,758,487.0
2018-08-07,1386,749,483.0
2018-08-08,1365,733,480.0
2018-08-09,1349,725,478.0
2018-08-10,1339,717,479.0
2018-08-13,1339,713,489.0
2018-08-14,1362,715,492.0
2018-08-15,1403,723,492.0
2018-08-16,1447,731,491.0
2018-08-17,1485,736,490.0
2018-08-20,1506,753,489.0
2018-08-21,1530,774,486.0
2018-08-22,1560,792,484.0
2018-08-23,1607,791,481.0
2018-08-24,1630,794,480.0
2018-08-28,1643,804,479.0
2018-08-29,1639,795,478.0
2018-08-30,1608,789,476.0
2018-08-31,1571,787,484.0
2018-09-03,1540,786,501.0
2018-09-04,1517,780,499.0
2018-09-05,1504,772,516.0
2018-09-06,1516,778,526.0
2018-09-07,1528,778,534.0
2018-09-10,1544,785,532.0
2018-09-11,1556,784,532.0
2018-09-12,1550,774,520.0
2018-09-13,1534,769,518.0
2018-09-14,1523,770,511.0
2018-09-17,1518,765,513.0
2018-09-18,1525,763,508.0
2018-09-19,1530,766,502.0
2018-09-20,1557,773,499.0
2018-09-21,1586,780,503.0
2018-09-24,1609,791,511.0
2018-09-25,1639,794,516.0
2018-09-26,1677,801,521.0
2018-09-27,1689,804,531.0
2018-09-28,1695,805,541.0
2018-10-01,1692,791,550.0
2018-10-02,1678,793,549.0
2018-10-03,1679,801,551.0
2018-10-04,1706,808,558.0
2018-10-05,1727,837,587.0
2018-10-08,1749,853,596.0
2018-10-09,1747,858,590.0
2018-10-10,1749,875,592.0
2018-10-11,1763,890,597.0
2018-10-12,1775,913,594.0
2018-10-15,1779,921,598.0
2018-10-16,1793,922,600.0
2018-10-17,1796,947,600.0
2018-10-18,1789,963,598.0
2018-10-19,1775,988,589.0
2018-10-22,1756,1024,587.0
2018-10-23,1715,1051,582.0
2018-10-24,1669,1066,577.0
2018-10-25,1622,1099,569.0
2018-10-26,1583,1121,571.0
2018-10-29,1556,1141,573.0
2018-10-30,1530,1153,571.0
2018-10-31,1524,1150,567.0
2018-11-01,1526,1157,569.0
2018-11-02,1530,1152,574.0
2018-11-05,1531,1143,576.0
2018-11-06,1528,1134,583.0
2018-11-07,1511,1116,608.0
2018-11-08,1496,1104,614.0
2018-11-09,1495,1097,634.0
2018-11-12,1496,1092,652.0
2018-11-13,1498,1086,654.0
2018-11-14,1484,1082,652.0
2018-11-15,1466,1091,651.0
2018-11-16,1453,1099,649.0
2018-11-19,1437,1106,646.0
2018-11-20,1416,1103,645.0
2018-11-21,1393,1107,643.0
2018-11-22,1378,1104,650.0
2018-11-23,1376,1126,654.0
2018-11-26,1389,1130,660.0
2018-11-27,1416,1127,669.0
2018-11-28,1444,1131,695.0
2018-11-29,1455,1133,750.0
2018-11-30,1463,1135,780.0
2018-12-03,1469,1132,792.0
2018-12-04,1474,1129,840.0
2018-12-05,1472,1146,861.0
2018-12-06,1473,1160,876.0
2018-12-07,1469,1168,886.0
2018-12-10,1464,1167,894.0
2018-12-11,1454,1180,897.0
2018-12-12,1445,1212,909.0
2018-12-13,1459,1218,919.0
2018-12-14,1478,1223,917.0
2018-12-17,1490,1223,909.0
2018-12-18,1494,1230,895.0
2018-12-19,1492,1240,860.0
2018-12-20,1473,1266,844.0
2018-12-21,1437,1258,833.0
2018-12-24,1421,1256,823.0
2019-01-02,1391,1009,666.0
2019-01-03,1365,999,657.0
2019-01-04,1331,982,656.0
2019-01-07,1300,973,666.0
2019-01-08,1257,967,684.0
2019-01-09,1218,957,683.0
2019-01-10,1170,930,674.0
2019-01-11,1137,929,667.0
2019-01-14,1118,925,659.0
2019-01-15,1104,920,655.0
2019-01-16,1079,899,665.0
2019-01-17,1045,891,665.0
2019-01-18,1018,873,661.0
2019-01-21,991,875,659.0
2019-01-22,950,868,664.0
2019-01-23,893,866,668.0
2019-01-24,828,875,668.0
2019-01-25,748,877,672.0
2019-01-28,687,874,669.0
2019-01-29,644,872,667.0
2019-01-30,612,859,659.0
2019-01-31,574,848,653.0
2019-02-01,560,843,649.0
2019-02-04,552,824,640.0
2019-02-05,553,806,636.0
2019-02-06,553,805,633.0
2019-02-07,561,797,629.0
2019-02-08,574,795,624.0
2019-02-11,586,791,618.0
2019-02-12,600,790,624.0
2019-02-13,611,798,618.0
2019-02-14,619,806,613.0
2019-02-15,624,818,609.0
2019-02-18,628,819,605.0
2019-02-19,639,828,607.0
2019-02-20,649,831,605.0
2019-02-21,657,828,594.0
2019-02-22,666,823,595.0
2019-02-25,685,801,588.0
2019-02-26,713,799,583.0
2019-02-27,752,796,580.0
2019-02-28,813,781,576.0
2019-03-01,863,774,575.0
2019-03-04,900,762,581.0
2019-03-05,924,754,585.0
2019-03-06,938,753,584.0
2019-03-07,926,747,577.0
2019-03-08,894,742,575.0
2019-03-11,866,737,575.0
2019-03-12,839,743,580.0
2019-03-13,823,740,588.0
2019-03-14,841,737,603.0
2019-03-15,883,735,606.0
2019-03-18,905,730,613.0
2019-03-19,922,715,627.0
2019-03-20,962,705,634.0
2019-03-21,1009,700,650.0
2019-03-22,1027,695,669.0
2019-03-25,1036,688,684.0
2019-03-26,1053,678,703.0
2019-03-27,1056,663,723.0
2019-03-28,1087,651,744.0
2019-03-29,1102,648,737.0
2019-04-01,1110,640,734.0
2019-04-02,1120,632,709.0
2019-04-03,1127,623,676.0
2019-04-04,1124,618,644.0
2019-04-05,1114,617,614.0
2019-04-08,1101,610,604.0
2019-04-09,1085,618,600.0
2019-04-10,1074,620,596.0
2019-04-11,1071,634,592.0
2019-04-12,1073,639,586.0
2019-04-15,1092,639,577.0
2019-04-16,1119,643,574.0
2019-04-17,1147,652,584.0
2019-04-18,1162,653,576.0
2019-04-23,1171,644,571.0
2019-04-24,1177,636,573.0
2019-04-25,1182,635,586.0
2019-04-26,1186,640,584.0
2019-04-29,1189,638,581.0
2019-04-30,1188,634,567.0
2019-05-01,1187,635,553.0
2019-05-02,1189,638,546.0
2019-05-03,1190,645,536.0
2019-05-07,1189,662,514.0
2019-05-08,1188,672,523.0
2019-05-09,1193,680,521.0
2019-05-10,1198,697,516.0
2019-05-13,1211,703,510.0
2019-05-14,1229,704,505.0
2019-05-15,1243,697,504.0
2019-05-16,1252,683,507.0
2019-05-17,1255,678,512.0
2019-05-20,1256,674,516.0
2019-05-21,1258,673,521.0
2019-05-22,1268,672,522.0
2019-05-23,1287,666,524.0
2019-05-24,1304,665,527.0
2019-05-28,1322,658,539.0
2019-05-29,1337,651,541.0
2019-05-30,1340,643,538.0
2019-05-31,1335,636,537.0
2019-06-03,1325,634,523.0
2019-06-04,1304,633,515.0
2019-06-05,1285,632,518.0
2019-06-06,1246,635,521.0
2019-06-07,1213,643,521.0
2019-06-10,1187,645,517.0
2019-06-11,1166,654,507.0
2019-06-12,1149,653,499.0
2019-06-13,1137,657,494.0
2019-06-14,1131,662,491.0
2019-06-17,1125,668,492.0
2019-06-18,1117,677,495.0
2019-06-19,1110,676,498.0
2019-06-20,1101,681,505.0
2019-06-21,1096,679,510.0
2019-06-24,1111,678,543.0
2019-06-25,1150,679,550.0
2019-06-26,1191,678,543.0
2019-06-27,1243,677,536.0
2019-06-28,1286,680,539.0
2019-07-01,1317,679,543.0
2019-07-02,1370,673,547.0
2019-07-03,1433,660,551.0
2019-07-04,1569,652,545.0
2019-07-05,1665,650,542.0
2019-07-08,1695,645,536.0
2019-07-09,1739,640,529.0
2019-07-10,1791,633,524.0
2019-07-11,1881,631,525.0
2019-07-12,1945,628,524.0
2019-07-15,1992,627,523.0
2019-07-16,2052,623,513.0
2019-07-17,2085,627,501.0
2019-07-18,2134,625,491.0
2019-07-19,2170,622,480.0
2019-07-22,2201,624,478.0
2019-07-23,2219,626,473.0
2019-07-24,2209,628,471.0
2019-07-25,2180,634,469.0
2019-07-26,2109,634,466.0
2019-07-29,2050,632,461.0
2019-07-30,1969,624,455.0
2019-07-31,1891,621,456.0
