Year/Ports,Overseas Unloaded,Overseas Loaded,Overseas Total,Coastal Unloaded,Coastal Loaded,Coastal Total,Total Unloaded,Total Loaded,Total Traffic
1950-51,NA,NA,NA,NA,NA,NA,NA,NA,842
1951-52,NA,NA,NA,NA,NA,NA,NA,NA,1143
1952-53,NA,NA,NA,NA,NA,NA,NA,NA,1106
1953-54,NA,NA,NA,NA,NA,NA,NA,NA,1319
1954-55,NA,NA,NA,NA,NA,NA,NA,NA,981
1955-56,NA,NA,NA,NA,NA,NA,NA,NA,1294
1956-57,NA,NA,NA,NA,NA,NA,NA,NA,1464
1957-58,NA,NA,NA,NA,NA,NA,NA,NA,2476
1958-59,NA,NA,NA,NA,NA,NA,NA,NA,2485
1959-60,1213,584,1797,11,585,596,1224,1169,2393
1960-61,1373,789,2162,13,588,601,1386,1377,2763
1961-62,1380,738,2118,16,622,638,1396,1360,2756
1962-63,1687,688,2375,31,715,746,1718,1403,3121
1963-64,1822,928,2750,27,619,646,1849,1547,3396
1964-65,1878,1154,3032,32,678,710,1910,1832,3742
1965-66,1887,1883,3770,21,669,690,1908,2552,4460
1966-67,2204,3047,5251,23,604,627,2227,3651,5878
1967-68,2388,3551,5939,25,481,506,2413,4032,6445
1968-69,2669,4788,7457,23,570,593,2692,5358,8050
1969-70,2231,5649,7880,98,334,432,2329,5983,8312
1970-71,2222,6124,8346,103,284,387,2325,6408,8733
1971-72,2727,5580,8307,65,266,331,2792,5846,8638
1972-73,2250,4842,7092,122,195,317,2372,5037,7409
1973-74,2804,4773,7577,192,186,378,2996,4959,7955
1974-75,2706,4157,6863,171,115,286,2877,4272,7149
1975-76,2814,5600,8414,62,72,134,2876,5672,8548
1976-77,2319,6088,8407,218,73,291,2537,6161,8698
1977-78,2395,6982,9377,197,118,315,2592,7100,9692
1978-79,2824,6781,9605,320,122,442,3144,6903,10047
1979-80,3844,6112,9956,223,50,273,4067,6162,10229
1980-81,3471,5985,9456,528,139,667,3999,6124,10123
1981-82,3080,6919,9999,928,68,996,4008,6987,10995
1982-83,3450,6018,9468,700,48,748,4150,6066,10216
1983-84,2511,5451,7962,1784,136,1920,4295,5587,9882
1984-85,3015,6078,9093,1737,252,1989,4752,6330,11082
1985-86,4862,6189,11051,4079,781,4860,8941,6970,15911
1986-87,4186,6439,10625,3009,1401,4410,7195,7840,15035
1987-88,4794,6072,10866,2767,1738,4505,7561,7810,15371
1988-89,7032,7851,14883,3308,2181,5489,10340,10032,20372
1989-90,7182,7745,14927,3228,2962,6190,10410,10707,21117
1990-91,7925,5895,13820,2397,3204,5601,10322,9099,19421
1991-92,8597,6237,14834,1834,4854,6688,10431,11091,21522
1992-93,11990,5607,17597,784,4384,5168,12774,9991,22765
1993-94,11508,7047,18555,1422,5618,7040,12930,12665,25595
1994-95,13220,6936,20156,2617,7256,9873,15837,14192,30029
1995-96,14094,7155,21249,3517,8051,11568,17611,15206,32817
1996-97,15807,7243,23050,5407,6041,11448,21214,13284,34498
1997-98,15885,6797,22682,5941,7391,13332,21826,14188,36014
1998-99,16033,6379,22412,6070,7172,13242,22103,13551,35654
1999-00,16379,6299,22678,8772,8060,16832,25151,14359,39510
2000-01,16407,8170,24577,10092,10016,20108,26499,18186,44685
2001-02,18033,9037,27070,9403,7871,17274,27436,16908,44344
2002-03,17148,11394,28542,8576,8888,17464,25724,20282,46006
2003-04,18392,13290,31682,7975,8079,16054,26367,21369,47736
2004-05,20602,15924,36526,4630,8992,13622,25232,24916,50148
2005-06,25055,15075,40130,5596,10075,15671,30651,25150,55801
2006-07,26873,11654,38527,5682,12176,17858,32555,23830,56385
2007-08,29145,15742,44887,6530,13180,19710,35675,28922,64597
2008-09,29200,14158,43358,6460,14090,20550,35660,28248,63908
2009-10,30181,14856,45037,5296,15168,20464,35477,30024,65501
2010-11,30764,14227,44991,5364,17686,23050,36128,31913,68041
2011-12,33120,11633,44753,5571,17096,22667,38691,28729,67420
2012-13,30008,11203,41211,5266,12561,17827,35274,23764,59038
2013-14,29499,11899,41398,4184,12922,17106,33683,24821,58504
2014-15 ,34173,9234,43407,4587,10010,14597,38760,19244,58004
2015-16 ,35546,6779,42325,4040,10670,14710,39586,17449,57035
2016-17 ,33911,9258,43169,3370,14481,17851,37281,23739,61020
2017-18 ,37834,9735,47569,3312,12656,15968,41146,22391,63537
2018-19 ,40025,8446,48471,4270,12560,16830,44295,21006,65301
2019-20,43778,12607,56385,3575,12762,16337,47353,25369,72722
2020-21,35380,17607,52987,3871,12985,16856,39251,30592,69843
