Date,SI,DTI,CTI
2012-08-01,1047,642,
2012-08-02,1032,638,
2012-08-03,1023,634,
2012-08-06,1010,626,
2012-08-07,995,623,
2012-08-08,982,619,
2012-08-09,966,615,
2012-08-10,946,613,
2012-08-13,906,612,
2012-08-14,886,608,
2012-08-15,877,604,
2012-08-16,865,604,
2012-08-17,856,606,
2012-08-20,847,608,
2012-08-21,841,610,
2012-08-22,838,614,
2012-08-23,833,617,
2012-08-24,833,617,
2012-08-28,845,618,
2012-08-29,853,620,
2012-08-30,857,622,
2012-08-31,858,626,
2012-09-03,855,627,
2012-09-04,857,628,
2012-09-05,852,626,
2012-09-06,849,628,
2012-09-07,845,631,
2012-09-10,837,634,
2012-09-11,832,637,
2012-09-12,827,635,
2012-09-13,821,634,
2012-09-14,825,633,
2012-09-17,828,634,
2012-09-18,834,635,
2012-09-19,839,637,
2012-09-20,843,642,
2012-09-21,845,643,
2012-09-24,850,642,
2012-09-25,847,640,
2012-09-26,847,638,
2012-09-27,847,640,
2012-09-28,844,646,
2012-10-01,836,649,
2012-10-02,830,652,
2012-10-03,825,656,
2012-10-04,818,660,
2012-10-05,810,664,
2012-10-08,802,664,
2012-10-09,795,662,
2012-10-10,791,662,
2012-10-11,789,663,
2012-10-12,787,665,
2012-10-15,783,667,
2012-10-16,776,668,
2012-10-17,768,668,
2012-10-18,754,670,
2012-10-19,746,672,
2012-10-22,740,676,
2012-10-23,732,680,
2012-10-24,721,681,
2012-10-25,716,683,
2012-10-26,712,681,
2012-10-29,706,678,
2012-10-30,699,675,
2012-10-31,693,672,
2012-11-01,689,674,
2012-11-02,678,672,
2012-11-05,671,667,
2012-11-06,669,659,
2012-11-07,662,655,
2012-11-08,654,662,
2012-11-09,647,667,
2012-11-12,644,680,
2012-11-13,649,687,
2012-11-14,652,700,
2012-11-15,653,713,
2012-11-16,655,715,
2012-11-19,664,715,
2012-11-20,674,723,
2012-11-21,687,723,
2012-11-22,695,725,
2012-11-23,706,723,
2012-11-26,716,723,
2012-11-27,724,721,
2012-11-28,732,719,
2012-11-29,742,708,
2012-11-30,751,705,
2012-12-03,760,705,
2012-12-04,766,703,
2012-12-05,772,701,
2012-12-06,771,702,
2012-12-07,768,706,
2012-12-10,765,707,
2012-12-11,760,711,
2012-12-12,751,724,
2012-12-13,751,730,
2012-12-14,748,741,
2012-12-17,746,746,
2012-12-18,745,754,
2012-12-19,742,774,
2012-12-20,738,779,
2012-12-21,738,778,
2012-12-24,735,774,
2013-01-02,732,764,
2013-01-03,737,696,
2013-01-04,739,689,
2013-01-07,739,679,
2013-01-08,739,671,
2013-01-09,740,663,
2013-01-10,741,654,
2013-01-11,743,646,
2013-01-14,745,641,
2013-01-15,743,637,
2013-01-16,740,633,
2013-01-17,738,631,
2013-01-18,735,630,
2013-01-21,730,630,
2013-01-22,728,633,
2013-01-23,721,632,
2013-01-24,713,636,
2013-01-25,712,647,
2013-01-28,711,646,
2013-01-29,710,637,
2013-01-30,695,632,
2013-01-31,688,636,
2013-02-01,684,636,
2013-02-04,682,635,
2013-02-05,681,634,
2013-02-06,677,632,
2013-02-07,674,636,
2013-02-08,671,638,
2013-02-11,669,640,
2013-02-12,666,643,
2013-02-13,668,647,
2013-02-14,664,655,
2013-02-15,667,657,
2013-02-18,672,661,
2013-02-19,679,659,
2013-02-20,687,658,
2013-02-21,695,669,
2013-02-22,705,673,
2013-02-25,717,677,
2013-02-26,724,683,
2013-02-27,734,686,
2013-02-28,745,692,
2013-03-01,764,697,
2013-03-04,781,700,
2013-03-05,801,696,
2013-03-06,818,690,
2013-03-07,837,686,
2013-03-08,852,681,
2013-03-11,864,674,
2013-03-12,876,666,
2013-03-13,889,661,
2013-03-14,903,661,
2013-03-15,913,669,
2013-03-18,925,663,
2013-03-19,937,662,
2013-03-20,950,659,
2013-03-21,959,664,
2013-03-22,968,671,
2013-03-25,978,677,
2013-03-26,981,675,
2013-03-27,977,669,
2013-03-28,965,663,
2013-04-02,944,661,
2013-04-03,933,658,
2013-04-04,924,659,
2013-04-05,915,677,
2013-04-08,912,707,
2013-04-09,907,712,
2013-04-10,902,709,
2013-04-11,900,702,
2013-04-12,901,682,
2013-04-15,902,674,
2013-04-16,902,663,
2013-04-17,900,638,
2013-04-18,899,630,
2013-04-19,898,632,
2013-04-22,902,634,
2013-04-23,902,638,
2013-04-24,903,638,
2013-04-25,905,626,
2013-04-26,904,622,
2013-04-29,900,623,
2013-04-30,895,621,
2013-05-01,888,619,
2013-05-02,884,623,
2013-05-03,880,623,
2013-05-07,876,622,
2013-05-08,874,620,
2013-05-09,872,616,
2013-05-10,869,620,
2013-05-13,866,617,
2013-05-14,861,615,
2013-05-15,857,615,
2013-05-16,854,614,
2013-05-17,853,611,
2013-05-20,851,612,
2013-05-21,852,609,
2013-05-22,851,605,
2013-05-23,853,603,
2013-05-24,855,604,
2013-05-28,857,606,
2013-05-29,858,609,
2013-05-30,859,614,
2013-05-31,865,614,
2013-06-03,871,612,
2013-06-04,873,610,
2013-06-05,877,609,
2013-06-06,880,608,
2013-06-07,885,605,
2013-06-10,889,602,
2013-06-11,890,603,
2013-06-12,892,601,
2013-06-13,895,594,
2013-06-14,895,590,
2013-06-17,900,587,
2013-06-18,900,586,
2013-06-19,903,583,
2013-06-20,909,580,
2013-06-21,916,580,
2013-06-24,923,584,
2013-06-25,930,583,
2013-06-26,937,580,
2013-06-27,944,577,
2013-06-28,950,577,
2013-07-01,954,577,
2013-07-02,954,580,
2013-07-03,952,587,
2013-07-04,943,589,
2013-07-05,932,598,
2013-07-08,924,603,
2013-07-09,920,606,
2013-07-10,911,609,
2013-07-11,904,611,
2013-07-12,901,613,
2013-07-15,897,612,
2013-07-16,894,611,
2013-07-17,895,609,
2013-07-18,894,617,
2013-07-19,897,630,
2013-07-22,898,650,
2013-07-23,902,650,
2013-07-24,907,649,
2013-07-25,914,646,
2013-07-26,917,650,
2013-07-29,917,653,
2013-07-30,919,650,
2013-07-31,916,638,
2013-08-01,912,624,
2013-08-02,909,618,
2013-08-05,908,618,
2013-08-06,908,618,
2013-08-07,907,618,
2013-08-08,911,621,
2013-08-09,913,629,
2013-08-12,911,632,
2013-08-13,910,631,
2013-08-14,909,631,
2013-08-15,910,642,
2013-08-16,913,645,
2013-08-19,916,644,
2013-08-20,917,647,
2013-08-21,919,653,
2013-08-22,920,663,
2013-08-23,925,663,
2013-08-27,927,658,
2013-08-28,929,645,
2013-08-29,934,642,
2013-08-30,937,630,
2013-09-02,939,622,
2013-09-03,939,618,
2013-09-04,939,608,
2013-09-05,943,604,
2013-09-06,952,598,
2013-09-09,959,593,
2013-09-10,965,587,
2013-09-11,958,583,
2013-09-12,954,583,
2013-09-13,946,585,
2013-09-16,940,583,
2013-09-17,936,582,
2013-09-18,934,582,
2013-09-19,942,580,
2013-09-20,951,580,
2013-09-23,964,589,
2013-09-24,971,585,
2013-09-25,986,586,
2013-09-26,1012,588,
2013-09-27,1046,587,
2013-09-30,1069,586,
2013-10-01,1079,584,
2013-10-02,1087,586,
2013-10-03,1093,587,
2013-10-04,1101,594,
2013-10-07,1113,601,
2013-10-08,1127,599,
2013-10-09,1145,601,
2013-10-10,1162,595,
2013-10-11,1175,591,
2013-10-14,1182,587,
2013-10-15,1185,586,
2013-10-16,1186,589,
2013-10-17,1199,607,
2013-10-18,1206,617,
2013-10-21,1213,621,
2013-10-22,1221,621,
2013-10-23,1228,617,
2013-10-24,1243,614,
2013-10-25,1252,596,
2013-10-28,1258,600,
2013-10-29,1260,599,
2013-10-30,1266,596,
2013-10-31,1268,591,
2013-11-01,1269,595,
2013-11-04,1273,604,
2013-11-05,1280,608,
2013-11-06,1285,615,
2013-11-07,1291,623,
2013-11-08,1305,631,
2013-11-11,1315,635,
2013-11-12,1320,635,
2013-11-13,1321,639,
2013-11-14,1325,643,
2013-11-15,1339,647,
2013-11-18,1354,642,
2013-11-19,1360,647,
2013-11-20,1363,650,
2013-11-21,1371,655,
2013-11-22,1378,652,
2013-11-25,1393,652,
2013-11-26,1404,652,
2013-11-27,1418,653,
2013-11-28,1441,666,
2013-11-29,1458,673,
2013-12-02,1475,674,
2013-12-03,1488,680,
2013-12-04,1507,694,
2013-12-05,1522,699,
2013-12-06,1531,709,
2013-12-09,1552,740,
2013-12-10,1557,759,
2013-12-11,1554,780,
2013-12-12,1560,795,
2013-12-13,1562,804,
2013-12-16,1553,823,
2013-12-17,1546,829,
2013-12-18,1541,853,
2013-12-19,1517,870,
2013-12-20,1499,897,
2013-12-23,1482,932,
2013-12-24,1468,997,
2014-01-02,1453,997,
2014-01-03,1330,1021,
2014-01-06,1276,1026,
2014-01-07,1239,1006,
2014-01-08,1204,1014,
2014-01-09,1191,1026,
2014-01-10,1188,1041,
2014-01-13,1190,1051,
2014-01-14,1191,1053,
2014-01-15,1189,1090,
2014-01-16,1182,1142,
2014-01-17,1175,1222,
2014-01-20,1165,1273,
2014-01-21,1154,1344,
2014-01-22,1141,1340,
2014-01-23,1130,1323,
2014-01-24,1121,1243,
2014-01-27,1112,1186,
2014-01-28,1098,1132,
2014-01-29,1079,1099,
2014-01-30,1056,1065,
2014-01-31,1018,1037,
2014-02-03,996,1005,
2014-02-04,975,958,
2014-02-05,961,926,
2014-02-06,948,890,
2014-02-07,937,866,
2014-02-10,929,853,
2014-02-11,929,852,
2014-02-12,928,846,
2014-02-13,938,829,
2014-02-14,965,818,
2014-02-17,998,811,
2014-02-18,1026,802,
2014-02-19,1049,783,
2014-02-20,1068,772,
2014-02-21,1087,770,
2014-02-24,1098,761,
2014-02-25,1096,753,
2014-02-26,1096,750,
2014-02-27,1097,741,
2014-02-28,1100,737,
2014-03-03,1103,726,
2014-03-04,1107,717,
2014-03-05,1115,711,
2014-03-06,1116,702,
2014-03-07,1122,695,
2014-03-10,1131,689,
2014-03-11,1137,692,
2014-03-12,1149,681,
2014-03-13,1159,678,
2014-03-14,1173,676,
2014-03-17,1183,679,
2014-03-18,1191,682,
2014-03-19,1198,695,
2014-03-20,1200,699,
2014-03-21,1205,711,
2014-03-24,1209,712,
2014-03-25,1207,712,
2014-03-26,1201,711,
2014-03-27,1180,711,
2014-03-28,1139,709,
2014-03-31,1115,705,
2014-04-01,1090,700,
2014-04-02,1068,694,
2014-04-03,1047,691,
2014-04-04,1025,688,
2014-04-07,1003,696,
2014-04-08,982,696,
2014-04-09,965,691,
2014-04-10,949,693,
2014-04-11,936,692,
2014-04-14,927,693,
2014-04-15,921,690,
2014-04-16,916,693,
2014-04-17,909,686,
2014-04-22,908,677,
2014-04-23,909,673,
2014-04-24,911,666,
2014-04-25,909,658,
2014-04-28,912,657,
2014-04-29,916,655,
2014-04-30,922,651,
2014-05-01,919,648,
2014-05-02,915,644,
2014-05-06,915,647,
2014-05-07,917,648,
2014-05-08,920,655,
2014-05-09,918,665,
2014-05-12,909,664,
2014-05-13,905,661,
2014-05-14,904,658,
2014-05-15,904,657,
2014-05-16,901,656,
2014-05-19,899,652,
2014-05-20,896,649,
2014-05-21,891,651,
2014-05-22,884,669,
2014-05-23,872,684,
2014-05-27,866,691,
2014-05-28,855,682,
2014-05-29,846,674,
2014-05-30,839,667,
2014-06-02,830,657,
2014-06-03,829,651,
2014-06-04,829,641,
2014-06-05,821,635,
2014-06-06,811,630,
2014-06-09,802,635,
2014-06-10,797,636,
2014-06-11,787,637,
2014-06-12,774,637,
2014-06-13,760,635,
2014-06-16,748,641,
2014-06-17,740,641,
2014-06-18,724,650,
2014-06-19,715,672,
2014-06-20,708,712,
2014-06-23,704,715,
2014-06-24,701,717,
2014-06-25,694,717,
2014-06-26,687,717,
2014-06-27,679,723,
2014-06-30,678,721,
2014-07-01,675,724,
2014-07-02,676,728,
2014-07-03,677,747,
2014-07-04,680,750,
2014-07-07,682,741,
2014-07-08,686,736,
2014-07-09,687,739,
2014-07-10,684,752,
2014-07-11,681,774,
2014-07-14,679,786,
2014-07-15,675,796,
2014-07-16,671,820,
2014-07-17,666,884,
2014-07-18,660,896,
2014-07-21,659,906,
2014-07-22,659,918,
2014-07-23,661,955,
2014-07-24,661,946,
2014-07-25,666,931,
2014-07-28,679,891,
2014-07-29,684,862,
2014-07-30,688,848,
2014-07-31,704,842,
2014-08-01,716,833,
2014-08-04,728,826,
2014-08-05,740,815,
2014-08-06,753,800,
2014-08-07,767,794,
2014-08-08,785,811,
2014-08-11,804,807,
2014-08-12,819,793,
2014-08-13,829,762,
2014-08-14,845,753,
2014-08-15,861,748,
2014-08-18,877,747,
2014-08-19,889,749,
2014-08-20,902,759,
2014-08-21,912,768,
2014-08-22,925,761,
2014-08-26,937,759,
2014-08-27,944,742,
2014-08-28,952,735,
2014-08-29,963,722,
2014-09-01,970,699,
2014-09-02,977,693,
2014-09-03,983,687,
2014-09-04,988,682,
2014-09-05,993,677,
2014-09-08,997,674,
2014-09-09,995,665,
2014-09-10,1001,660,
2014-09-11,1003,652,
2014-09-12,1000,645,
2014-09-15,1006,640,
2014-09-16,1016,635,
2014-09-17,1028,630,
2014-09-18,1031,625,
2014-09-19,1030,615,
2014-09-22,1029,612,
2014-09-23,1032,607,
2014-09-24,1041,604,
2014-09-25,1045,605,
2014-09-26,1046,608,
2014-09-29,1053,611,
2014-09-30,1054,613,
2014-10-01,1051,623,
2014-10-02,1045,639,
2014-10-03,1033,639,
2014-10-06,1028,645,
2014-10-07,1017,649,
2014-10-08,1007,657,
2014-10-09,993,664,
2014-10-10,980,674,
2014-10-13,970,678,
2014-10-14,959,683,
2014-10-15,952,689,
2014-10-16,944,694,
2014-10-17,933,698,
2014-10-20,923,700,
2014-10-21,916,702,
2014-10-22,911,703,
2014-10-23,907,699,
2014-10-24,906,699,
2014-10-27,900,716,
2014-10-28,899,735,
2014-10-29,898,754,
2014-10-30,896,777,
2014-10-31,891,795,
2014-11-03,892,809,
2014-11-04,889,813,
2014-11-05,888,820,
2014-11-06,888,825,
2014-11-07,886,833,
2014-11-10,881,839,
2014-11-11,879,839,
2014-11-12,876,835,
2014-11-13,873,843,
2014-11-14,873,865,
2014-11-17,875,871,
2014-11-18,875,909,
2014-11-19,881,937,
2014-11-20,904,964,
2014-11-21,926,973,
2014-11-24,942,975,
2014-11-25,956,960,
2014-11-26,970,947,
2014-11-27,980,939,
2014-11-28,984,893,
2014-12-01,986,866,
2014-12-02,989,851,
2014-12-03,987,833,
2014-12-04,984,826,
2014-12-05,980,818,
2014-12-08,971,815,
2014-12-09,969,818,
2014-12-10,966,824,
2014-12-11,960,835,
2014-12-12,953,842,
2014-12-15,950,857,
2014-12-16,947,871,
2014-12-17,942,886,
2014-12-18,932,888,
2014-12-19,925,881,
2014-12-22,917,877,
2014-12-23,906,872,
2014-12-24,897,862,
2015-01-02,887,862,
2015-01-05,884,885,
2015-01-06,873,884,
2015-01-07,861,884,
2015-01-08,843,884,
2015-01-09,820,895,
2015-01-12,800,905,
2015-01-13,778,914,
2015-01-14,763,933,
2015-01-15,752,937,
2015-01-16,735,942,
2015-01-19,716,950,
2015-01-20,699,948,
2015-01-21,684,953,
2015-01-22,673,946,
2015-01-23,659,934,
2015-01-26,650,917,
2015-01-27,642,889,
2015-01-28,632,878,
2015-01-29,618,870,
2015-01-30,599,868,
2015-02-02,585,863,
2015-02-03,567,894,
2015-02-04,556,904,
2015-02-05,545,910,
2015-02-06,538,922,
2015-02-09,530,920,
2015-02-10,523,900,
2015-02-11,516,886,
2015-02-12,508,870,
2015-02-13,496,867,
2015-02-16,486,863,
2015-02-17,480,853,
2015-02-18,480,841,
2015-02-19,478,845,
2015-02-20,483,841,
2015-02-23,490,840,
2015-02-24,492,838,
2015-02-25,490,838,
2015-02-26,496,838,
2015-02-27,506,837,
2015-03-02,515,841,
2015-03-03,528,835,
2015-03-04,541,835,
2015-03-05,550,844,
2015-03-06,560,851,
2015-03-09,566,848,
2015-03-10,573,837,
2015-03-11,580,827,
2015-03-12,589,818,
2015-03-13,596,816,
2015-03-16,606,812,
2015-03-17,611,809,
2015-03-18,616,796,
2015-03-19,623,783,
2015-03-20,627,772,
2015-03-23,635,769,
2015-03-24,640,786,
2015-03-25,645,803,
2015-03-26,648,813,
2015-03-27,648,811,
2015-03-30,647,801,
2015-03-31,649,792,
2015-04-01,650,809,
2015-04-02,646,804,
2015-04-07,636,795,
2015-04-08,631,776,
2015-04-09,624,764,
2015-04-10,617,771,
2015-04-13,613,772,
2015-04-14,609,778,
2015-04-15,608,790,
2015-04-16,608,798,
2015-04-17,612,800,
2015-04-20,619,799,
2015-04-21,618,805,
2015-04-22,619,801,
2015-04-23,620,792,
2015-04-24,621,784,
2015-04-27,624,778,
2015-04-28,626,773,
2015-04-29,628,772,
2015-04-30,627,768,
2015-05-01,625,754,
2015-05-05,621,749,
2015-05-06,618,745,
2015-05-07,618,741,
2015-05-08,618,744,
2015-05-11,618,753,
2015-05-12,617,746,
2015-05-13,619,748,
2015-05-14,624,761,
2015-05-15,626,806,
2015-05-18,628,829,
2015-05-19,626,846,
2015-05-20,625,892,
2015-05-21,623,938,
2015-05-22,624,918,
2015-05-26,627,901,
2015-05-27,631,883,
2015-05-28,635,868,
2015-05-29,642,865,
2015-06-01,647,856,
2015-06-02,652,848,
2015-06-03,653,848,
2015-06-04,654,859,
2015-06-05,654,863,
2015-06-08,656,874,
2015-06-09,655,887,
2015-06-10,654,914,
2015-06-11,661,910,
2015-06-12,669,908,
2015-06-15,678,917,
2015-06-16,685,917,
2015-06-17,695,931,
2015-06-18,706,969,
2015-06-19,715,1011,
2015-06-22,721,1025,
2015-06-23,722,1046,
2015-06-24,721,1070,
2015-06-25,723,1066,
2015-06-26,723,1054,
2015-06-29,723,1026,
2015-06-30,722,989,
2015-07-01,715,972,
2015-07-02,713,952,
2015-07-03,712,936,
2015-07-06,716,916,
2015-07-07,723,903,
2015-07-08,742,888,
2015-07-09,750,870,
2015-07-10,759,857,
2015-07-13,767,835,
2015-07-14,774,827,
2015-07-15,784,820,
2015-07-16,801,824,
2015-07-17,823,840,
2015-07-20,846,846,
2015-07-21,862,854,
2015-07-22,875,849,
2015-07-23,889,826,
2015-07-24,896,817,
2015-07-27,899,813,
2015-07-28,903,803,
2015-07-29,903,792,
2015-07-30,898,776,
2015-07-31,892,763,
2015-08-03,899,755,
2015-08-04,900,742,
2015-08-05,899,735,
2015-08-06,901,726,
2015-08-07,904,713,
2015-08-10,904,708,
2015-08-11,901,694,
2015-08-12,900,677,
2015-08-13,899,673,
2015-08-14,901,673,
2015-08-17,905,668,
2015-08-18,908,665,
2015-08-19,915,654,
2015-08-20,920,644,
2015-08-21,924,632,
2015-08-24,930,622,
2015-08-25,933,611,
2015-08-26,934,601,
2015-08-27,933,595,
2015-08-28,931,593,
2015-09-01,925,598,
2015-09-02,912,609,
2015-09-03,896,616,
2015-09-04,882,628,
2015-09-07,870,633,
2015-09-08,857,640,
2015-09-09,848,639,
2015-09-10,838,642,
2015-09-11,824,640,
2015-09-14,810,635,
2015-09-15,799,629,
2015-09-16,789,626,
2015-09-17,783,639,
2015-09-18,772,658,
2015-09-21,762,666,
2015-09-22,757,671,
2015-09-23,749,674,
2015-09-24,742,697,
2015-09-25,738,705,
2015-09-28,733,706,
2015-09-29,724,703,
2015-09-30,713,698,
2015-10-01,703,715,
2015-10-02,695,725,
2015-10-05,691,745,
2015-10-06,688,754,
2015-10-07,681,774,
2015-10-08,676,786,
2015-10-09,672,790,
2015-10-12,669,783,
2015-10-13,666,778,
2015-10-14,664,769,
2015-10-15,662,771,
2015-10-16,661,772,
2015-10-19,658,771,
2015-10-20,656,756,
2015-10-21,654,751,
2015-10-22,652,749,
2015-10-23,649,739,
2015-10-26,648,739,
2015-10-27,646,737,
2015-10-28,645,756,
2015-10-29,643,744,
2015-10-30,633,750,
2015-11-02,629,788,
2015-11-03,620,816,
2015-11-04,609,823,
2015-11-05,596,822,
2015-11-06,584,822,
2015-11-09,571,828,
2015-11-10,562,831,
2015-11-11,554,835,
2015-11-12,543,852,
2015-11-13,533,853,
2015-11-16,523,861,
2015-11-17,516,863,
2015-11-18,504,871,
2015-11-19,491,879,
2015-11-20,479,883,
2015-11-23,472,887,
2015-11-24,469,888,
2015-11-25,467,890,
2015-11-26,467,891,
2015-11-27,467,899,
2015-11-30,467,904,
2015-12-01,469,907,
2015-12-02,471,926,
2015-12-03,472,953,
2015-12-04,470,962,
2015-12-07,469,962,
2015-12-08,465,962,
2015-12-09,461,956,
2015-12-10,460,943,
2015-12-11,455,920,
2015-12-14,451,920,
2015-12-15,450,904,
2015-12-16,449,897,564.0
2015-12-17,448,898,565.0
2015-12-18,448,897,565.0
2015-12-21,449,897,568.0
2015-12-22,449,889,571.0
2015-12-23,449,879,577.0
2015-12-24,450,873,578.0
2016-01-04,450,869,580.0
2016-01-05,449,1065,688.0
2016-01-06,445,1057,712.0
2016-01-07,442,1051,719.0
2016-01-08,436,1043,716.0
2016-01-11,430,1016,716.0
2016-01-12,422,988,715.0
2016-01-13,416,957,718.0
2016-01-14,412,929,717.0
2016-01-15,402,906,712.0
2016-01-18,394,897,707.0
2016-01-19,388,882,702.0
2016-01-20,381,882,693.0
2016-01-21,372,876,691.0
2016-01-22,366,870,686.0
2016-01-25,358,859,686.0
2016-01-26,350,838,680.0
2016-01-27,338,820,674.0
2016-01-28,327,812,664.0
2016-01-29,316,806,650.0
2016-02-01,304,817,645.0
2016-02-02,299,815,635.0
2016-02-03,289,808,625.0
2016-02-04,280,802,615.0
2016-02-05,271,800,609.0
2016-02-08,262,795,588.0
2016-02-09,255,791,572.0
2016-02-10,250,787,554.0
2016-02-11,247,793,551.0
2016-02-12,244,813,541.0
2016-02-15,243,819,535.0
2016-02-16,247,816,528.0
2016-02-17,252,809,527.0
2016-02-18,259,807,528.0
2016-02-19,270,806,526.0
2016-02-22,286,799,524.0
2016-02-23,298,788,524.0
2016-02-24,310,779,522.0
2016-02-25,321,767,518.0
2016-02-26,328,751,519.0
2016-02-29,333,740,516.0
2016-03-01,339,730,515.0
2016-03-02,345,722,515.0
2016-03-03,350,717,517.0
2016-03-04,363,715,519.0
2016-03-07,371,720,518.0
2016-03-08,377,738,515.0
2016-03-09,386,756,500.0
2016-03-10,399,771,492.0
2016-03-11,412,794,494.0
2016-03-14,420,833,502.0
2016-03-15,427,861,505.0
2016-03-16,432,870,503.0
2016-03-17,439,865,500.0
2016-03-18,445,872,501.0
2016-03-21,449,866,499.0
2016-03-22,460,848,501.0
2016-03-23,464,819,499.0
2016-03-24,468,803,499.0
2016-03-29,473,809,497.0
2016-03-30,474,818,496.0
2016-03-31,475,837,494.0
2016-04-01,476,840,495.0
2016-04-04,476,833,495.0
2016-04-05,479,808,494.0
2016-04-06,479,786,495.0
2016-04-07,482,774,494.0
2016-04-08,485,752,498.0
2016-04-11,488,752,498.0
2016-04-12,492,755,498.0
2016-04-13,498,764,504.0
2016-04-14,506,782,514.0
2016-04-15,514,788,532.0
2016-04-18,525,793,536.0
2016-04-19,529,790,536.0
2016-04-20,534,787,535.0
2016-04-21,543,777,539.0
2016-04-22,551,770,550.0
2016-04-25,558,775,556.0
2016-04-26,562,778,555.0
2016-04-27,564,774,555.0
2016-04-28,573,749,554.0
2016-04-29,578,740,552.0
2016-05-03,582,730,545.0
2016-05-04,583,717,534.0
2016-05-05,583,716,520.0
2016-05-06,582,713,519.0
2016-05-09,578,715,512.0
2016-05-10,575,715,508.0
2016-05-11,567,735,500.0
2016-05-12,560,735,496.0
2016-05-13,555,732,484.0
2016-05-16,553,732,477.0
2016-05-17,552,734,475.0
2016-05-18,552,736,469.0
2016-05-19,553,740,470.0
2016-05-20,558,747,473.0
2016-05-23,562,744,480.0
2016-05-24,565,731,487.0
2016-05-25,568,716,495.0
2016-05-26,571,723,501.0
2016-05-27,575,728,503.0
2016-05-31,579,735,500.0
2016-06-01,580,753,496.0
2016-06-02,578,762,495.0
2016-06-03,575,765,493.0
2016-06-06,574,759,490.0
2016-06-07,570,754,489.0
2016-06-08,567,739,487.0
2016-06-09,564,741,479.0
2016-06-10,560,736,475.0
2016-06-13,557,730,473.0
2016-06-14,554,713,471.0
2016-06-15,552,705,461.0
2016-06-16,552,712,449.0
2016-06-17,554,714,448.0
2016-06-20,555,718,443.0
2016-06-21,559,711,438.0
2016-06-22,563,705,433.0
2016-06-23,570,710,437.0
2016-06-24,577,713,442.0
2016-06-27,583,714,453.0
2016-06-28,587,703,457.0
2016-06-29,593,695,464.0
2016-06-30,606,694,464.0
2016-07-01,619,691,464.0
2016-07-04,627,686,462.0
2016-07-05,633,679,456.0
2016-07-06,637,673,448.0
2016-07-07,639,672,439.0
2016-07-08,644,669,437.0
2016-07-11,647,666,437.0
2016-07-12,651,654,436.0
2016-07-13,666,639,432.0
2016-07-14,679,628,433.0
2016-07-15,686,620,435.0
2016-07-18,693,612,442.0
2016-07-19,697,604,445.0
2016-07-20,700,599,450.0
2016-07-21,702,592,459.0
2016-07-22,701,589,462.0
2016-07-25,698,582,463.0
2016-07-26,697,579,461.0
2016-07-27,690,567,462.0
2016-07-28,684,559,464.0
2016-07-29,676,550,466.0
2016-08-01,671,541,465.0
2016-08-02,667,532,462.0
2016-08-03,663,523,459.0
2016-08-04,660,515,458.0
2016-08-05,654,509,458.0
2016-08-08,647,509,452.0
2016-08-09,645,505,447.0
2016-08-10,642,504,449.0
2016-08-11,639,500,449.0
2016-08-12,640,497,451.0
2016-08-15,643,496,450.0
2016-08-16,646,497,455.0
2016-08-17,652,497,460.0
2016-08-18,666,500,462.0
2016-08-19,677,501,461.0
2016-08-22,686,504,463.0
2016-08-23,694,506,462.0
2016-08-24,702,505,456.0
2016-08-25,712,512,454.0
2016-08-26,715,515,455.0
2016-08-30,719,515,457.0
2016-08-31,721,510,455.0
2016-09-01,723,515,447.0
2016-09-02,721,514,441.0
2016-09-05,718,516,437.0
2016-09-06,714,517,434.0
2016-09-07,702,528,427.0
2016-09-08,694,537,421.0
2016-09-09,688,536,416.0
2016-09-12,681,542,408.0
2016-09-13,671,543,402.0
2016-09-14,665,548,396.0
2016-09-15,661,549,389.0
2016-09-16,660,555,386.0
2016-09-19,661,561,383.0
2016-09-20,660,566,387.0
2016-09-21,662,588,389.0
2016-09-22,688,602,382.0
2016-09-23,671,606,380.0
2016-09-26,673,611,378.0
2016-09-27,674,618,379.0
2016-09-28,676,638,375.0
2016-09-29,676,644,365.0
2016-09-30,679,638,358.0
2016-10-03,681,625,352.0
2016-10-04,681,622,349.0
2016-10-05,680,616,347.0
2016-10-06,678,613,346.0
2016-10-07,677,619,350.0
2016-10-10,677,621,354.0
2016-10-11,676,626,357.0
2016-10-12,674,633,361.0
2016-10-13,673,641,367.0
2016-10-14,674,657,385.0
2016-10-17,676,673,390.0
2016-10-18,678,674,395.0
2016-10-19,682,681,407.0
2016-10-20,691,686,418.0
2016-10-21,700,692,422.0
2016-10-24,705,691,428.0
2016-10-25,710,680,434.0
2016-10-26,714,667,434.0
2016-10-27,719,658,430.0
2016-10-28,722,657,426.0
2016-10-31,722,660,423.0
2016-11-01,721,656,417.0
2016-11-02,718,655,505.0
2016-11-03,718,670,471.0
2016-11-04,716,667,445.0
2016-11-07,712,665,424.0
2016-11-08,708,659,409.0
2016-11-09,703,661,398.0
2016-11-10,703,682,394.0
2016-11-11,705,744,391.0
2016-11-14,707,750,395.0
2016-11-15,713,740,398.0
2016-11-16,722,740,411.0
2016-11-17,748,786,430.0
2016-11-18,809,831,437.0
2016-11-21,835,828,447.0
2016-11-22,852,834,456.0
2016-11-23,874,862,459.0
2016-11-24,897,870,459.0
2016-11-25,908,886,460.0
2016-11-28,904,892,456.0
2016-11-29,908,896,448.0
2016-11-30,912,895,443.0
2016-12-01,917,891,439.0
2016-12-02,921,878,436.0
2016-12-05,929,889,434.0
2016-12-06,934,887,437.0
2016-12-07,941,863,439.0
2016-12-08,957,868,440.0
2016-12-09,966,889,441.0
2016-12-12,968,903,443.0
2016-12-13,972,887,442.0
2016-12-14,975,889,446.0
2016-12-15,968,895,470.0
2016-12-16,960,909,491.0
2016-12-19,953,911,522.0
2016-12-20,941,910,552.0
2016-12-21,926,920,595.0
2016-12-22,914,945,668.0
2016-12-23,903,936,675.0
2017-01-03,843,919,678.0
2017-01-04,820,1088,867.0
2017-01-05,795,1053,861.0
2017-01-06,783,1024,854.0
2017-01-09,772,1026,846.0
2017-01-10,766,1013,800.0
2017-01-11,758,1017,775.0
2017-01-12,748,1018,746.0
2017-01-13,739,1024,707.0
2017-01-16,733,1027,684.0
2017-01-17,730,1018,660.0
2017-01-18,725,1001,642.0
2017-01-19,722,1006,632.0
2017-01-20,718,1002,616.0
2017-01-23,714,997,619.0
2017-01-24,708,995,624.0
2017-01-25,702,987,619.0
2017-01-26,696,977,621.0
2017-01-27,692,965,615.0
2017-01-30,688,946,614.0
2017-01-31,679,930,606.0
2017-02-01,674,901,603.0
2017-02-02,670,877,595.0
2017-02-03,667,864,591.0
2017-02-06,665,858,585.0
2017-02-07,663,856,582.0
2017-02-08,665,846,580.0
2017-02-09,668,842,581.0
2017-02-10,672,846,581.0
2017-02-13,676,847,582.0
2017-02-14,681,851,577.0
2017-02-15,689,862,586.0
2017-02-16,707,850,596.0
2017-02-17,729,869,605.0
2017-02-20,747,863,612.0
2017-02-21,764,859,613.0
2017-02-22,783,857,612.0
2017-02-23,797,852,614.0
2017-02-24,809,856,614.0
2017-02-27,817,857,609.0
2017-02-28,825,847,606.0
2017-03-01,833,835,601.0
2017-03-02,840,831,601.0
2017-03-03,846,837,603.0
2017-03-06,852,841,611.0
2017-03-07,861,838,617.0
2017-03-08,868,839,620.0
2017-03-09,872,859,634.0
2017-03-10,874,862,638.0
2017-03-13,875,850,644.0
2017-03-14,877,850,646.0
2017-03-15,877,847,660.0
2017-03-16,877,835,680.0
2017-03-17,879,832,701.0
2017-03-20,884,824,720.0
2017-03-21,886,824,748.0
2017-03-22,888,826,767.0
2017-03-23,892,816,790.0
2017-03-24,896,812,807.0
2017-03-27,895,804,806.0
2017-03-28,893,799,803.0
2017-03-29,885,802,792.0
2017-03-30,882,800,784.0
2017-03-31,881,794,771.0
2017-04-03,882,790,751.0
2017-04-04,881,781,739.0
2017-04-05,880,778,704.0
2017-04-06,882,773,679.0
2017-04-07,886,777,672.0
2017-04-10,888,775,665.0
2017-04-11,891,776,661.0
2017-04-12,893,776,646.0
2017-04-13,899,790,639.0
2017-04-18,898,800,645.0
2017-04-19,900,814,638.0
2017-04-20,899,819,643.0
2017-04-21,895,819,660.0
2017-04-24,892,812,661.0
2017-04-25,887,812,654.0
2017-04-26,881,802,646.0
2017-04-27,870,797,637.0
2017-04-28,861,786,620.0
2017-05-02,849,785,613.0
2017-05-03,835,778,590.0
2017-05-04,822,767,579.0
2017-05-05,811,768,570.0
2017-05-08,799,774,566.0
2017-05-09,794,775,558.0
2017-05-10,790,772,550.0
2017-05-11,787,763,546.0
2017-05-12,784,748,545.0
2017-05-15,782,741,540.0
2017-05-16,778,742,536.0
2017-05-17,771,737,522.0
2017-05-18,764,757,523.0
2017-05-19,759,765,516.0
2017-05-22,753,785,513.0
2017-05-23,746,799,516.0
2017-05-24,737,821,520.0
2017-05-25,728,825,538.0
2017-05-26,721,814,540.0
2017-05-30,712,807,549.0
2017-05-31,698,785,556.0
2017-06-01,685,768,558.0
2017-06-02,674,756,559.0
2017-06-05,666,742,554.0
2017-06-06,658,733,548.0
2017-06-07,652,718,546.0
2017-06-08,649,708,545.0
2017-06-09,654,705,540.0
2017-06-12,658,702,539.0
2017-06-13,665,700,533.0
2017-06-14,679,699,529.0
2017-06-15,690,705,522.0
2017-06-16,701,704,517.0
2017-06-19,708,702,522.0
2017-06-20,717,699,521.0
2017-06-21,724,690,527.0
2017-06-22,734,688,537.0
2017-06-23,744,686,546.0
2017-06-26,750,683,559.0
2017-06-27,757,681,564.0
2017-06-28,761,671,570.0
2017-06-29,758,670,568.0
2017-06-30,754,668,569.0
2017-07-03,751,663,563.0
2017-07-04,747,659,562.0
2017-07-05,742,656,563.0
2017-07-06,735,656,566.0
2017-07-07,732,647,583.0
2017-07-10,729,649,580.0
2017-07-11,733,651,569.0
2017-07-12,744,651,567.0
2017-07-13,758,647,565.0
2017-07-14,769,644,557.0
2017-07-17,776,644,551.0
2017-07-18,786,648,549.0
2017-07-19,798,643,546.0
2017-07-20,807,642,545.0
2017-07-21,812,649,548.0
2017-07-24,814,655,550.0
2017-07-25,813,649,549.0
2017-07-26,807,646,556.0
2017-07-27,798,647,551.0
2017-07-28,789,644,545.0
2017-07-31,783,640,544.0
2017-08-01,779,639,541.0
2017-08-02,772,632,543.0
2017-08-03,767,632,552.0
2017-08-04,764,628,556.0
2017-08-07,762,619,556.0
2017-08-08,759,614,556.0
2017-08-09,756,616,556.0
2017-08-10,756,618,555.0
2017-08-11,759,620,552.0
2017-08-14,760,621,551.0
2017-08-15,765,618,546.0
2017-08-16,776,617,530.0
2017-08-17,791,620,517.0
2017-08-18,806,618,520.0
2017-08-21,817,621,511.0
2017-08-22,824,622,511.0
2017-08-23,833,621,511.0
2017-08-24,840,620,510.0
2017-08-25,845,627,508.0
2017-08-29,848,643,521.0
2017-08-30,851,659,564.0
2017-08-31,853,667,648.0
2017-09-01,856,677,703.0
2017-09-04,860,682,737.0
2017-09-05,863,691,674.0
2017-09-06,868,698,624.0
2017-09-07,875,699,607.0
2017-09-08,888,701,609.0
2017-09-11,898,707,590.0
2017-09-12,908,715,580.0
2017-09-13,923,725,560.0
2017-09-14,950,732,548.0
2017-09-15,977,739,545.0
2017-09-18,997,744,548.0
2017-09-19,1017,744,575.0
2017-09-20,1033,740,587.0
2017-09-21,1050,751,610.0
2017-09-22,1061,760,617.0
2017-09-25,1068,772,621.0
2017-09-26,1065,781,629.0
2017-09-27,1054,780,652.0
2017-09-28,1041,783,666.0
2017-09-29,1021,782,671.0
2017-10-02,1006,776,667.0
2017-10-03,984,775,651.0
2017-10-04,968,758,634.0
2017-10-05,965,760,622.0
2017-10-06,971,766,617.0
2017-10-09,978,776,615.0
2017-10-10,996,783,609.0
2017-10-11,1020,818,599.0
2017-10-12,1050,856,591.0
2017-10-13,1069,870,573.0
2017-10-16,1082,903,563.0
2017-10-17,1094,913,551.0
2017-10-18,1105,916,544.0
2017-10-19,1116,907,540.0
2017-10-20,1126,902,531.0
2017-10-23,1128,896,527.0
2017-10-24,1130,899,520.0
2017-10-25,1129,901,515.0
2017-10-26,1117,912,515.0
2017-10-27,1100,920,516.0
2017-10-30,1081,914,524.0
2017-10-31,1060,904,523.0
2017-11-01,1043,871,528.0
2017-11-02,1027,867,534.0
2017-11-03,1014,855,539.0
2017-11-06,1001,843,540.0
2017-11-07,988,820,542.0
2017-11-08,961,814,542.0
2017-11-09,936,807,544.0
2017-11-10,912,802,546.0
2017-11-13,888,803,550.0
2017-11-14,872,796,556.0
2017-11-15,858,790,570.0
2017-11-16,849,787,582.0
2017-11-17,845,790,594.0
2017-11-20,850,809,590.0
2017-11-21,856,827,594.0
2017-11-22,875,827,595.0
2017-11-23,899,826,599.0
2017-11-24,914,820,600.0
2017-11-27,923,812,602.0
2017-11-28,929,798,603.0
2017-11-29,936,799,611.0
2017-11-30,941,794,615.0
2017-12-01,944,806,634.0
2017-12-04,944,820,649.0
2017-12-05,944,821,677.0
2017-12-06,945,822,688.0
2017-12-07,944,824,685.0
2017-12-08,943,823,679.0
2017-12-11,939,814,686.0
2017-12-12,942,814,684.0
2017-12-13,943,812,686.0
2017-12-14,944,812,694.0
2017-12-15,942,814,702.0
2017-12-18,943,815,707.0
2017-12-19,938,820,722.0
2017-12-20,933,824,723.0
2017-12-21,925,825,722.0
2017-12-22,914,831,719.0
2018-01-02,901,827,720.0
2018-01-03,894,700,655.0
2018-01-04,884,683,653.0
2018-01-05,884,676,653.0
2018-01-08,886,680,656.0
2018-01-09,889,682,646.0
2018-01-10,898,691,628.0
2018-01-11,902,685,616.0
2018-01-12,907,681,609.0
2018-01-15,908,684,602.0
2018-01-16,910,693,583.0
2018-01-17,910,717,569.0
2018-01-18,910,715,566.0
2018-01-19,911,707,570.0
2018-01-22,913,705,567.0
2018-01-23,911,702,564.0
2018-01-24,908,694,569.0
2018-01-25,904,691,571.0
2018-01-26,900,683,589.0
2018-01-29,895,682,623.0
2018-01-30,889,679,637.0
2018-01-31,884,670,628.0
2018-02-01,877,664,602.0
2018-02-02,872,661,598.0
2018-02-05,865,658,606.0
2018-02-06,857,654,606.0
2018-02-07,844,648,615.0
2018-02-08,833,648,614.0
2018-02-09,825,643,619.0
2018-02-12,819,642,632.0
2018-02-13,817,640,634.0
2018-02-14,823,637,642.0
2018-02-15,832,642,638.0
2018-02-16,837,649,630.0
2018-02-19,840,649,628.0
2018-02-20,847,645,623.0
2018-02-21,856,641,613.0
2018-02-22,871,640,617.0
2018-02-23,892,645,618.0
2018-02-26,919,646,622.0
2018-02-27,948,652,618.0
2018-02-28,973,658,621.0
2018-03-01,992,658,622.0
2018-03-02,1004,662,604.0
2018-03-05,1006,669,600.0
2018-03-06,1013,664,598.0
2018-03-07,1020,654,596.0
2018-03-08,1026,648,590.0
2018-03-09,1032,651,585.0
2018-03-12,1040,653,580.0
2018-03-13,1049,648,577.0
2018-03-14,1061,642,567.0
2018-03-15,1077,641,563.0
2018-03-16,1091,639,564.0
2018-03-19,1099,635,564.0
2018-03-20,1109,636,559.0
2018-03-21,1117,645,561.0
2018-03-22,1122,649,560.0
2018-03-23,1121,652,554.0
2018-03-26,1116,656,557.0
2018-03-27,1106,658,563.0
2018-03-28,1093,662,563.0
2018-03-29,1080,662,563.0
2018-04-03,1067,661,560.0
2018-04-04,1056,651,543.0
2018-04-05,1042,648,520.0
2018-04-06,1032,646,510.0
2018-04-09,1024,643,501.0
2018-04-10,1016,637,498.0
2018-04-11,1014,631,510.0
2018-04-12,1014,628,523.0
2018-04-13,1013,639,525.0
2018-04-16,1016,640,529.0
2018-04-17,1018,638,535.0
2018-04-18,1022,636,538.0
2018-04-19,1022,635,554.0
2018-04-20,1025,637,557.0
2018-04-23,1027,637,558.0
2018-04-24,1030,639,555.0
2018-04-25,1037,637,557.0
2018-04-26,1040,639,563.0
2018-04-27,1042,648,571.0
2018-04-30,1045,655,571.0
2018-05-01,1043,656,567.0
2018-05-02,1043,655,560.0
2018-05-03,1047,647,545.0
2018-05-04,1050,648,546.0
2018-05-08,1051,650,545.0
2018-05-09,1048,655,541.0
2018-05-10,1052,656,541.0
2018-05-11,1053,656,540.0
2018-05-14,1055,657,542.0
2018-05-15,1053,656,540.0
2018-05-16,1056,667,532.0
2018-05-17,1064,681,529.0
2018-05-18,1069,692,524.0
2018-05-21,1071,714,525.0
2018-05-22,1074,729,526.0
2018-05-23,1074,748,535.0
2018-05-24,1074,761,546.0
2018-05-25,1071,776,558.0
2018-05-29,1068,781,563.0
2018-05-30,1064,779,569.0
2018-05-31,1063,768,555.0
2018-06-01,1061,754,555.0
2018-06-04,1061,754,549.0
2018-06-05,1065,749,546.0
2018-06-06,1065,745,541.0
2018-06-07,1072,735,538.0
2018-06-08,1075,731,535.0
2018-06-11,1078,734,531.0
2018-06-12,1084,746,525.0
2018-06-13,1088,751,522.0
2018-06-14,1089,768,518.0
2018-06-15,1091,760,518.0
2018-06-18,1092,746,515.0
2018-06-19,1093,736,511.0
2018-06-20,1094,743,507.0
2018-06-21,1094,743,506.0
2018-06-22,1092,742,507.0
2018-06-25,1085,745,506.0
2018-06-26,1078,745,503.0
2018-06-27,1067,735,500.0
2018-06-28,1055,727,496.0
2018-06-29,1042,724,493.0
2018-07-02,1034,712,496.0
2018-07-03,1025,705,500.0
2018-07-04,1017,702,501.0
2018-07-05,1005,705,501.0
2018-07-06,999,710,502.0
2018-07-09,997,721,502.0
2018-07-10,994,729,501.0
2018-07-11,992,732,499.0
2018-07-12,994,741,499.0
2018-07-13,995,738,500.0
2018-07-16,998,744,499.0
2018-07-17,1003,738,499.0
2018-07-18,1008,723,494.0
2018-07-19,1016,714,494.0
2018-07-20,1023,713,496.0
2018-07-23,1028,723,500.0
2018-07-24,1030,727,507.0
2018-07-25,1033,748,511.0
2018-07-26,1034,753,512.0
2018-07-27,1035,755,508.0
2018-07-30,1035,759,503.0
2018-07-31,1035,768,500.0
2018-08-01,1036,768,498.0
2018-08-02,1032,760,492.0
2018-08-03,1030,756,490.0
2018-08-06,1030,758,487.0
2018-08-07,1032,749,483.0
2018-08-08,1035,733,480.0
2018-08-09,1036,725,478.0
2018-08-10,1039,717,479.0
2018-08-13,1040,713,489.0
2018-08-14,1042,715,492.0
2018-08-15,1045,723,492.0
2018-08-16,1050,731,491.0
2018-08-17,1056,736,490.0
2018-08-20,1062,753,489.0
2018-08-21,1069,774,486.0
2018-08-22,1078,792,484.0
2018-08-23,1087,791,481.0
2018-08-24,1095,794,480.0
2018-08-28,1110,804,479.0
2018-08-29,1121,795,478.0
2018-08-30,1128,789,476.0
2018-08-31,1132,787,484.0
2018-09-03,1133,786,501.0
2018-09-04,1135,780,499.0
2018-09-05,1135,772,516.0
2018-09-06,1135,778,526.0
2018-09-07,1134,778,534.0
2018-09-10,1136,785,532.0
2018-09-11,1135,784,532.0
2018-09-12,1134,774,520.0
2018-09-13,1132,769,518.0
2018-09-14,1134,770,511.0
2018-09-17,1138,765,513.0
2018-09-18,1151,763,508.0
2018-09-19,1159,766,502.0
2018-09-20,1169,773,499.0
2018-09-21,1175,780,503.0
2018-09-24,1185,791,511.0
2018-09-25,1190,794,516.0
2018-09-26,1194,801,521.0
2018-09-27,1195,804,531.0
2018-09-28,1194,805,541.0
2018-10-01,1193,791,550.0
2018-10-02,1189,793,549.0
2018-10-03,1190,801,551.0
2018-10-04,1192,808,558.0
2018-10-05,1197,837,587.0
2018-10-08,1201,853,596.0
2018-10-09,1203,858,590.0
2018-10-10,1205,875,592.0
2018-10-11,1207,890,597.0
2018-10-12,1204,913,594.0
2018-10-15,1200,921,598.0
2018-10-16,1196,922,600.0
2018-10-17,1192,947,600.0
2018-10-18,1181,963,598.0
2018-10-19,1170,988,589.0
2018-10-22,1163,1024,587.0
2018-10-23,1156,1051,582.0
2018-10-24,1144,1066,577.0
2018-10-25,1132,1099,569.0
2018-10-26,1117,1121,571.0
2018-10-29,1106,1141,573.0
2018-10-30,1087,1153,571.0
2018-10-31,1073,1150,567.0
2018-11-01,1061,1157,569.0
2018-11-02,1051,1152,574.0
2018-11-05,1041,1143,576.0
2018-11-06,1033,1134,583.0
2018-11-07,1021,1116,608.0
2018-11-08,1013,1104,614.0
2018-11-09,1003,1097,634.0
2018-11-12,994,1092,652.0
2018-11-13,986,1086,654.0
2018-11-14,982,1082,652.0
2018-11-15,970,1091,651.0
2018-11-16,969,1099,649.0
2018-11-19,964,1106,646.0
2018-11-20,963,1103,645.0
2018-11-21,959,1107,643.0
2018-11-22,956,1104,650.0
2018-11-23,952,1126,654.0
2018-11-26,947,1130,660.0
2018-11-27,943,1127,669.0
2018-11-28,942,1131,695.0
2018-11-29,945,1133,750.0
2018-11-30,944,1135,780.0
2018-12-03,945,1132,792.0
2018-12-04,949,1129,840.0
2018-12-05,950,1146,861.0
2018-12-06,951,1160,876.0
2018-12-07,953,1168,886.0
2018-12-10,955,1167,894.0
2018-12-11,958,1180,897.0
2018-12-12,963,1212,909.0
2018-12-13,968,1218,919.0
2018-12-14,974,1223,917.0
2018-12-17,978,1223,909.0
2018-12-18,977,1230,895.0
2018-12-19,979,1240,860.0
2018-12-20,979,1266,844.0
2018-12-21,977,1258,833.0
2018-12-24,975,1256,823.0
2019-01-02,967,1009,666.0
2019-01-03,958,999,657.0
2019-01-04,946,982,656.0
2019-01-07,933,973,666.0
2019-01-08,918,967,684.0
2019-01-09,893,957,683.0
2019-01-10,870,930,674.0
2019-01-11,842,929,667.0
2019-01-14,814,925,659.0
2019-01-15,785,920,655.0
2019-01-16,755,899,665.0
2019-01-17,729,891,665.0
2019-01-18,701,873,661.0
2019-01-21,680,875,659.0
2019-01-22,660,868,664.0
2019-01-23,638,866,668.0
2019-01-24,607,875,668.0
2019-01-25,576,877,672.0
2019-01-28,552,874,669.0
2019-01-29,526,872,667.0
2019-01-30,498,859,659.0
2019-01-31,472,848,653.0
2019-02-01,450,843,649.0
2019-02-04,438,824,640.0
2019-02-05,423,806,636.0
2019-02-06,415,805,633.0
2019-02-07,414,797,629.0
2019-02-08,415,795,624.0
2019-02-11,429,791,618.0
2019-02-12,454,790,624.0
2019-02-13,478,798,618.0
2019-02-14,526,806,613.0
2019-02-15,560,818,609.0
2019-02-18,594,819,605.0
2019-02-19,625,828,607.0
2019-02-20,649,831,605.0
2019-02-21,686,828,594.0
2019-02-22,707,823,595.0
2019-02-25,721,801,588.0
2019-02-26,729,799,583.0
2019-02-27,738,796,580.0
2019-02-28,749,781,576.0
2019-03-01,759,774,575.0
2019-03-04,767,762,581.0
2019-03-05,776,754,585.0
2019-03-06,783,753,584.0
2019-03-07,790,747,577.0
2019-03-08,790,742,575.0
2019-03-11,790,737,575.0
2019-03-12,789,743,580.0
2019-03-13,789,740,588.0
2019-03-14,786,737,603.0
2019-03-15,786,735,606.0
2019-03-18,787,730,613.0
2019-03-19,789,715,627.0
2019-03-20,796,705,634.0
2019-03-21,813,700,650.0
2019-03-22,826,695,669.0
2019-03-25,830,688,684.0
2019-03-26,833,678,703.0
2019-03-27,831,663,723.0
2019-03-28,823,651,744.0
2019-03-29,813,648,737.0
2019-04-01,807,640,734.0
2019-04-02,795,632,709.0
2019-04-03,775,623,676.0
2019-04-04,757,618,644.0
2019-04-05,742,617,614.0
2019-04-08,733,610,604.0
2019-04-09,726,618,600.0
2019-04-10,718,620,596.0
2019-04-11,715,634,592.0
2019-04-12,711,639,586.0
2019-04-15,714,639,577.0
2019-04-16,718,643,574.0
2019-04-17,726,652,584.0
2019-04-18,732,653,576.0
2019-04-23,751,644,571.0
2019-04-24,773,636,573.0
2019-04-25,781,635,586.0
2019-04-26,780,640,584.0
2019-04-29,777,638,581.0
2019-04-30,768,634,567.0
2019-05-01,763,635,553.0
2019-05-02,755,638,546.0
2019-05-03,752,645,536.0
2019-05-07,761,662,514.0
2019-05-08,770,672,523.0
2019-05-09,776,680,521.0
2019-05-10,779,697,516.0
2019-05-13,782,703,510.0
2019-05-14,783,704,505.0
2019-05-15,784,697,504.0
2019-05-16,783,683,507.0
2019-05-17,780,678,512.0
2019-05-20,778,674,516.0
2019-05-21,777,673,521.0
2019-05-22,778,672,522.0
2019-05-23,779,666,524.0
2019-05-24,778,665,527.0
2019-05-28,771,658,539.0
2019-05-29,763,651,541.0
2019-05-30,756,643,538.0
2019-05-31,752,636,537.0
2019-06-03,748,634,523.0
2019-06-04,739,633,515.0
2019-06-05,731,632,518.0
2019-06-06,726,635,521.0
2019-06-07,719,643,521.0
2019-06-10,717,645,517.0
2019-06-11,714,654,507.0
2019-06-12,712,653,499.0
2019-06-13,710,657,494.0
2019-06-14,716,662,491.0
2019-06-17,720,668,492.0
2019-06-18,728,677,495.0
2019-06-19,736,676,498.0
2019-06-20,743,681,505.0
2019-06-21,751,679,510.0
2019-06-24,756,678,543.0
2019-06-25,765,679,550.0
2019-06-26,774,678,543.0
2019-06-27,783,677,536.0
2019-06-28,787,680,539.0
2019-07-01,792,679,543.0
2019-07-02,796,673,547.0
2019-07-03,803,660,551.0
2019-07-04,814,652,545.0
2019-07-05,820,650,542.0
2019-07-08,829,645,536.0
2019-07-09,835,640,529.0
2019-07-10,845,633,524.0
2019-07-11,860,631,525.0
2019-07-12,879,628,524.0
2019-07-15,888,627,523.0
2019-07-16,905,623,513.0
2019-07-17,928,627,501.0
2019-07-18,953,625,491.0
2019-07-19,982,622,480.0
2019-07-22,1002,624,478.0
2019-07-23,1017,626,473.0
2019-07-24,1019,628,471.0
2019-07-25,1012,634,469.0
2019-07-26,1005,634,466.0
2019-07-29,996,632,461.0
2019-07-30,988,624,455.0
2019-07-31,982,621,456.0
