Date,CI,DTI,CTI
2012-08-01,1181,642,
2012-08-02,1178,638,
2012-08-03,1200,634,
2012-08-06,1214,626,
2012-08-07,1237,623,
2012-08-08,1204,619,
2012-08-09,1192,615,
2012-08-10,1169,613,
2012-08-13,1158,612,
2012-08-14,1147,608,
2012-08-15,1120,604,
2012-08-16,1105,604,
2012-08-17,1095,606,
2012-08-20,1087,608,
2012-08-21,1082,610,
2012-08-22,1091,614,
2012-08-23,1103,617,
2012-08-24,1124,617,
2012-08-28,1182,618,
2012-08-29,1177,620,
2012-08-30,1169,622,
2012-08-31,1172,626,
2012-09-03,1180,627,
2012-09-04,1186,628,
2012-09-05,1188,626,
2012-09-06,1186,628,
2012-09-07,1186,631,
2012-09-10,1188,634,
2012-09-11,1187,637,
2012-09-12,1186,635,
2012-09-13,1198,634,
2012-09-14,1204,633,
2012-09-17,1219,634,
2012-09-18,1326,635,
2012-09-19,1421,637,
2012-09-20,1531,642,
2012-09-21,1584,643,
2012-09-24,1578,642,
2012-09-25,1568,640,
2012-09-26,1549,638,
2012-09-27,1548,640,
2012-09-28,1621,646,
2012-10-01,1660,649,
2012-10-02,1676,652,
2012-10-03,1738,656,
2012-10-04,1873,660,
2012-10-05,1932,664,
2012-10-08,1921,664,
2012-10-09,1829,662,
2012-10-10,1775,662,
2012-10-11,1833,663,
2012-10-12,1914,665,
2012-10-15,1960,667,
2012-10-16,2103,668,
2012-10-17,2162,668,
2012-10-18,2135,670,
2012-10-19,2217,672,
2012-10-22,2332,676,
2012-10-23,2587,680,
2012-10-24,2530,681,
2012-10-25,2432,683,
2012-10-26,2451,681,
2012-10-29,2460,678,
2012-10-30,2458,675,
2012-10-31,2419,672,
2012-11-01,2355,674,
2012-11-02,2304,672,
2012-11-05,2261,667,
2012-11-06,2186,659,
2012-11-07,2098,655,
2012-11-08,2119,662,
2012-11-09,2203,667,
2012-11-12,2283,680,
2012-11-13,2327,687,
2012-11-14,2375,700,
2012-11-15,2350,713,
2012-11-16,2347,715,
2012-11-19,2369,715,
2012-11-20,2367,723,
2012-11-21,2335,723,
2012-11-22,2318,725,
2012-11-23,2288,723,
2012-11-26,2277,723,
2012-11-27,2275,721,
2012-11-28,2275,719,
2012-11-29,2241,708,
2012-11-30,2199,705,
2012-12-03,2166,705,
2012-12-04,2095,703,
2012-12-05,2000,701,
2012-12-06,1897,702,
2012-12-07,1832,706,
2012-12-10,1762,707,
2012-12-11,1652,711,
2012-12-12,1446,724,
2012-12-13,1407,730,
2012-12-14,1440,741,
2012-12-17,1403,746,
2012-12-18,1315,754,
2012-12-19,1233,774,
2012-12-20,1226,779,
2012-12-21,1228,778,
2012-12-24,1235,774,
2013-01-02,1237,764,
2013-01-03,1254,696,
2013-01-04,1285,689,
2013-01-07,1319,679,
2013-01-08,1386,671,
2013-01-09,1384,663,
2013-01-10,1367,654,
2013-01-11,1367,646,
2013-01-14,1370,641,
2013-01-15,1365,637,
2013-01-16,1431,633,
2013-01-17,1573,631,
2013-01-18,1605,630,
2013-01-21,1604,630,
2013-01-22,1577,633,
2013-01-23,1564,632,
2013-01-24,1541,636,
2013-01-25,1520,647,
2013-01-28,1507,646,
2013-01-29,1491,637,
2013-01-30,1477,632,
2013-01-31,1468,636,
2013-02-01,1454,636,
2013-02-04,1461,635,
2013-02-05,1466,634,
2013-02-06,1484,632,
2013-02-07,1481,636,
2013-02-08,1461,638,
2013-02-11,1453,640,
2013-02-12,1448,643,
2013-02-13,1448,647,
2013-02-14,1429,655,
2013-02-15,1434,657,
2013-02-18,1408,661,
2013-02-19,1377,659,
2013-02-20,1355,658,
2013-02-21,1344,669,
2013-02-22,1335,673,
2013-02-25,1323,677,
2013-02-26,1291,683,
2013-02-27,1264,686,
2013-02-28,1249,692,
2013-03-01,1243,697,
2013-03-04,1239,700,
2013-03-05,1246,696,
2013-03-06,1251,690,
2013-03-07,1260,686,
2013-03-08,1262,681,
2013-03-11,1260,674,
2013-03-12,1314,666,
2013-03-13,1314,661,
2013-03-14,1302,661,
2013-03-15,1299,669,
2013-03-18,1295,663,
2013-03-19,1290,662,
2013-03-20,1294,659,
2013-03-21,1290,664,
2013-03-22,1284,671,
2013-03-25,1284,677,
2013-03-26,1275,675,
2013-03-27,1258,669,
2013-03-28,1249,663,
2013-04-02,1229,661,
2013-04-03,1209,658,
2013-04-04,1209,659,
2013-04-05,1215,677,
2013-04-08,1223,707,
2013-04-09,1236,712,
2013-04-10,1250,709,
2013-04-11,1257,702,
2013-04-12,1265,682,
2013-04-15,1257,674,
2013-04-16,1251,663,
2013-04-17,1245,638,
2013-04-18,1238,630,
2013-04-19,1234,632,
2013-04-22,1230,634,
2013-04-23,1220,638,
2013-04-24,1214,638,
2013-04-25,1220,626,
2013-04-26,1246,622,
2013-04-29,1260,623,
2013-04-30,1273,621,
2013-05-01,1279,619,
2013-05-02,1322,623,
2013-05-03,1344,623,
2013-05-07,1393,622,
2013-05-08,1408,620,
2013-05-09,1398,616,
2013-05-10,1382,620,
2013-05-13,1370,617,
2013-05-14,1360,615,
2013-05-15,1338,615,
2013-05-16,1334,614,
2013-05-17,1326,611,
2013-05-20,1317,612,
2013-05-21,1321,609,
2013-05-22,1333,605,
2013-05-23,1339,603,
2013-05-24,1350,604,
2013-05-28,1346,606,
2013-05-29,1348,609,
2013-05-30,1339,614,
2013-05-31,1336,614,
2013-06-03,1333,612,
2013-06-04,1338,610,
2013-06-05,1335,609,
2013-06-06,1344,608,
2013-06-07,1352,605,
2013-06-10,1359,602,
2013-06-11,1379,603,
2013-06-12,1427,601,
2013-06-13,1484,594,
2013-06-14,1537,590,
2013-06-17,1588,587,
2013-06-18,1674,586,
2013-06-19,1757,583,
2013-06-20,1792,580,
2013-06-21,1822,580,
2013-06-24,1912,584,
2013-06-25,1959,583,
2013-06-26,2061,580,
2013-06-27,2120,577,
2013-06-28,2165,577,
2013-07-01,2176,577,
2013-07-02,2134,580,
2013-07-03,2020,587,
2013-07-04,1936,589,
2013-07-05,1929,598,
2013-07-08,1977,603,
2013-07-09,2012,606,
2013-07-10,2037,609,
2013-07-11,2047,611,
2013-07-12,2058,613,
2013-07-15,2052,612,
2013-07-16,2044,611,
2013-07-17,2034,609,
2013-07-18,2006,617,
2013-07-19,1987,630,
2013-07-22,1978,650,
2013-07-23,1956,650,
2013-07-24,1936,649,
2013-07-25,1890,646,
2013-07-26,1873,650,
2013-07-29,1864,653,
2013-07-30,1856,650,
2013-07-31,1881,638,
2013-08-01,1935,624,
2013-08-02,1950,618,
2013-08-05,1939,618,
2013-08-06,1907,618,
2013-08-07,1853,618,
2013-08-08,1829,621,
2013-08-09,1813,629,
2013-08-12,1805,632,
2013-08-13,1846,631,
2013-08-14,2021,631,
2013-08-15,2099,642,
2013-08-16,2112,645,
2013-08-19,2140,644,
2013-08-20,2218,647,
2013-08-21,2268,653,
2013-08-22,2284,663,
2013-08-23,2312,663,
2013-08-27,2335,658,
2013-08-28,2284,645,
2013-08-29,2256,642,
2013-08-30,2243,630,
2013-09-02,2263,622,
2013-09-03,2344,618,
2013-09-04,2445,608,
2013-09-05,2660,604,
2013-09-06,2799,598,
2013-09-09,3113,593,
2013-09-10,3255,587,
2013-09-11,3431,583,
2013-09-12,3397,583,
2013-09-13,3446,585,
2013-09-16,3480,583,
2013-09-17,3691,582,
2013-09-18,3838,582,
2013-09-19,3924,580,
2013-09-20,4018,580,
2013-09-23,4111,589,
2013-09-24,4253,585,
2013-09-25,4329,586,
2013-09-26,4193,588,
2013-09-27,3967,587,
2013-09-30,3853,586,
2013-10-01,3816,584,
2013-10-02,3810,586,
2013-10-03,3878,587,
2013-10-04,3943,594,
2013-10-07,4020,601,
2013-10-08,4085,599,
2013-10-09,3959,601,
2013-10-10,3621,595,
2013-10-11,3527,591,
2013-10-14,3455,587,
2013-10-15,3469,586,
2013-10-16,3478,589,
2013-10-17,3451,607,
2013-10-18,3264,617,
2013-10-21,3200,621,
2013-10-22,3110,621,
2013-10-23,2943,617,
2013-10-24,2775,614,
2013-10-25,2681,596,
2013-10-28,2526,600,
2013-10-29,2340,599,
2013-10-30,2164,596,
2013-10-31,2245,591,
2013-11-01,2316,595,
2013-11-04,2400,604,
2013-11-05,2553,608,
2013-11-06,2554,615,
2013-11-07,2533,623,
2013-11-08,2514,631,
2013-11-11,2506,635,
2013-11-12,2473,635,
2013-11-13,2455,639,
2013-11-14,2397,643,
2013-11-15,2377,647,
2013-11-18,2366,642,
2013-11-19,2366,647,
2013-11-20,2511,650,
2013-11-21,2447,655,
2013-11-22,2390,652,
2013-11-25,2391,652,
2013-11-26,2399,652,
2013-11-27,2496,653,
2013-11-28,2848,666,
2013-11-29,3089,673,
2013-12-02,3194,674,
2013-12-03,3316,680,
2013-12-04,3481,694,
2013-12-05,3843,699,
2013-12-06,3842,709,
2013-12-09,3831,740,
2013-12-10,4011,759,
2013-12-11,4210,780,
2013-12-12,4291,795,
2013-12-13,4246,804,
2013-12-16,4065,823,
2013-12-17,3818,829,
2013-12-18,3638,853,
2013-12-19,3596,870,
2013-12-20,3875,897,
2013-12-23,3996,932,
2013-12-24,4078,997,
2014-01-02,3733,997,
2014-01-03,3531,1021,
2014-01-06,3287,1026,
2014-01-07,3017,1006,
2014-01-08,2818,1014,
2014-01-09,2500,1026,
2014-01-10,2101,1041,
2014-01-13,1857,1051,
2014-01-14,1832,1053,
2014-01-15,1862,1090,
2014-01-16,1929,1142,
2014-01-17,2026,1222,
2014-01-20,2082,1273,
2014-01-21,1973,1344,
2014-01-22,1880,1340,
2014-01-23,1775,1323,
2014-01-24,1723,1243,
2014-01-27,1673,1186,
2014-01-28,1577,1132,
2014-01-29,1531,1099,
2014-01-30,1527,1065,
2014-01-31,1524,1037,
2014-02-03,1516,1005,
2014-02-04,1513,958,
2014-02-05,1544,926,
2014-02-06,1575,890,
2014-02-07,1588,866,
2014-02-10,1611,853,
2014-02-11,1581,852,
2014-02-12,1548,846,
2014-02-13,1557,829,
2014-02-14,1554,818,
2014-02-17,1625,811,
2014-02-18,1667,802,
2014-02-19,1690,783,
2014-02-20,1680,772,
2014-02-21,1701,770,
2014-02-24,1707,761,
2014-02-25,1775,753,
2014-02-26,1912,750,
2014-02-27,2049,741,
2014-02-28,2084,737,
2014-03-03,2180,726,
2014-03-04,2326,717,
2014-03-05,2596,711,
2014-03-06,2830,702,
2014-03-07,2980,695,
2014-03-10,3023,689,
2014-03-11,3045,692,
2014-03-12,2600,681,
2014-03-13,2654,678,
2014-03-14,2677,676,
2014-03-17,2691,679,
2014-03-18,2818,682,
2014-03-19,2982,695,
2014-03-20,3129,699,
2014-03-21,3036,711,
2014-03-24,3055,712,
2014-03-25,2993,712,
2014-03-26,2761,711,
2014-03-27,2579,711,
2014-03-28,2557,709,
2014-03-31,2573,705,
2014-04-01,2505,700,
2014-04-02,2418,694,
2014-04-03,2343,691,
2014-04-04,2306,688,
2014-04-07,2293,696,
2014-04-08,2029,696,
2014-04-09,1946,691,
2014-04-10,1865,693,
2014-04-11,1789,692,
2014-04-14,1765,693,
2014-04-15,1724,690,
2014-04-16,1613,693,
2014-04-17,1591,686,
2014-04-22,1616,677,
2014-04-23,1674,673,
2014-04-24,1692,666,
2014-04-25,1696,658,
2014-04-28,1668,657,
2014-04-29,1613,655,
2014-04-30,1600,651,
2014-05-01,1716,648,
2014-05-02,1829,644,
2014-05-06,1691,647,
2014-05-07,1681,648,
2014-05-08,1613,655,
2014-05-09,1541,665,
2014-05-12,1483,664,
2014-05-13,1453,661,
2014-05-14,1496,658,
2014-05-15,1546,657,
2014-05-16,1530,656,
2014-05-19,1494,652,
2014-05-20,1431,649,
2014-05-21,1354,651,
2014-05-22,1302,669,
2014-05-23,1358,684,
2014-05-27,1457,691,
2014-05-28,1405,682,
2014-05-29,1379,674,
2014-05-30,1395,667,
2014-06-02,1429,657,
2014-06-03,1545,651,
2014-06-04,1604,641,
2014-06-05,1689,635,
2014-06-06,1793,630,
2014-06-09,1846,635,
2014-06-10,1903,636,
2014-06-11,1864,637,
2014-06-12,1792,637,
2014-06-13,1730,635,
2014-06-16,1695,641,
2014-06-17,1676,641,
2014-06-18,1767,650,
2014-06-19,1919,672,
2014-06-20,1950,712,
2014-06-23,1896,715,
2014-06-24,1848,717,
2014-06-25,1799,717,
2014-06-26,1748,717,
2014-06-27,1773,723,
2014-06-30,1871,721,
2014-07-01,2045,724,
2014-07-02,1999,728,
2014-07-03,1935,747,
2014-07-04,1864,750,
2014-07-07,1808,741,
2014-07-08,1755,736,
2014-07-09,1648,739,
2014-07-10,1523,752,
2014-07-11,1465,774,
2014-07-14,1422,786,
2014-07-15,1377,796,
2014-07-16,1289,820,
2014-07-17,1248,884,
2014-07-18,1235,896,
2014-07-21,1194,906,
2014-07-22,1191,918,
2014-07-23,1198,955,
2014-07-24,1201,946,
2014-07-25,1193,931,
2014-07-28,1187,891,
2014-07-29,1195,862,
2014-07-30,1200,848,
2014-07-31,1195,842,
2014-08-01,1176,833,
2014-08-04,1178,826,
2014-08-05,1163,815,
2014-08-06,1153,800,
2014-08-07,1150,794,
2014-08-08,1166,811,
2014-08-11,1197,807,
2014-08-12,1350,793,
2014-08-13,1546,762,
2014-08-14,1882,753,
2014-08-15,2151,748,
2014-08-18,2254,747,
2014-08-19,2256,749,
2014-08-20,2380,759,
2014-08-21,2578,768,
2014-08-22,2535,761,
2014-08-26,2430,759,
2014-08-27,2366,742,
2014-08-28,2551,735,
2014-08-29,2627,722,
2014-09-01,2606,699,
2014-09-02,2568,693,
2014-09-03,2489,687,
2014-09-04,2464,682,
2014-09-05,2483,677,
2014-09-08,2519,674,
2014-09-09,2596,665,
2014-09-10,2602,660,
2014-09-11,2570,652,
2014-09-12,2546,645,
2014-09-15,2523,640,
2014-09-16,2442,635,
2014-09-17,2342,630,
2014-09-18,2192,625,
2014-09-19,2112,615,
2014-09-22,2118,612,
2014-09-23,2077,607,
2014-09-24,1967,604,
2014-09-25,1837,605,
2014-09-26,1852,608,
2014-09-29,1922,611,
2014-09-30,1915,613,
2014-10-01,1853,623,
2014-10-02,1788,639,
2014-10-03,1758,639,
2014-10-06,1735,645,
2014-10-07,1698,649,
2014-10-08,1632,657,
2014-10-09,1580,664,
2014-10-10,1544,674,
2014-10-13,1521,678,
2014-10-14,1485,683,
2014-10-15,1376,689,
2014-10-16,1315,694,
2014-10-17,1362,698,
2014-10-20,1512,700,
2014-10-21,2003,702,
2014-10-22,2186,703,
2014-10-23,2258,699,
2014-10-24,2422,699,
2014-10-27,2852,716,
2014-10-28,3436,735,
2014-10-29,3560,754,
2014-10-30,3534,777,
2014-10-31,3552,795,
2014-11-03,3640,809,
2014-11-04,3781,813,
2014-11-05,3702,820,
2014-11-06,3612,825,
2014-11-07,3661,833,
2014-11-10,3613,839,
2014-11-11,3419,839,
2014-11-12,3229,835,
2014-11-13,2972,843,
2014-11-14,2931,865,
2014-11-17,2971,871,
2014-11-18,3106,909,
2014-11-19,3127,937,
2014-11-20,3130,964,
2014-11-21,3038,973,
2014-11-24,2975,975,
2014-11-25,2963,960,
2014-11-26,2612,947,
2014-11-27,2347,939,
2014-11-28,2151,893,
2014-12-01,2025,866,
2014-12-02,1898,851,
2014-12-03,1677,833,
2014-12-04,1452,826,
2014-12-05,1282,818,
2014-12-08,1165,815,
2014-12-09,1075,818,
2014-12-10,979,824,
2014-12-11,879,835,
2014-12-12,763,842,
2014-12-15,659,857,
2014-12-16,617,871,
2014-12-17,571,886,
2014-12-18,517,888,
2014-12-19,488,881,
2014-12-22,480,877,
2014-12-23,472,872,
2014-12-24,474,862,
2015-01-02,456,862,
2015-01-05,442,885,
2015-01-06,432,884,
2015-01-07,397,884,
2015-01-08,335,884,
2015-01-09,311,895,
2015-01-12,373,905,
2015-01-13,537,914,
2015-01-14,557,933,
2015-01-15,585,937,
2015-01-16,620,942,
2015-01-19,662,950,
2015-01-20,752,948,
2015-01-21,971,953,
2015-01-22,965,946,
2015-01-23,887,934,
2015-01-26,857,917,
2015-01-27,831,889,
2015-01-28,785,878,
2015-01-29,725,870,
2015-01-30,679,868,
2015-02-02,665,863,
2015-02-03,663,894,
2015-02-04,669,904,
2015-02-05,680,910,
2015-02-06,689,922,
2015-02-09,687,920,
2015-02-10,711,900,
2015-02-11,700,886,
2015-02-12,652,870,
2015-02-13,630,867,
2015-02-16,614,863,
2015-02-17,589,853,
2015-02-18,564,841,
2015-02-19,539,845,
2015-02-20,542,841,
2015-02-23,543,840,
2015-02-24,534,838,
2015-02-25,529,838,
2015-02-26,525,838,
2015-02-27,521,837,
2015-03-02,516,841,
2015-03-03,490,835,
2015-03-04,478,835,
2015-03-05,464,844,
2015-03-06,470,851,
2015-03-09,468,848,
2015-03-10,457,837,
2015-03-11,431,827,
2015-03-12,394,818,
2015-03-13,378,816,
2015-03-16,372,812,
2015-03-17,366,809,
2015-03-18,357,796,
2015-03-19,407,783,
2015-03-20,423,772,
2015-03-23,435,769,
2015-03-24,448,786,
2015-03-25,455,803,
2015-03-26,456,813,
2015-03-27,456,811,
2015-03-30,460,801,
2015-03-31,475,792,
2015-04-01,463,809,
2015-04-02,454,804,
2015-04-07,448,795,
2015-04-08,450,776,
2015-04-09,461,764,
2015-04-10,466,771,
2015-04-13,460,772,
2015-04-14,470,778,
2015-04-15,494,790,
2015-04-16,521,798,
2015-04-17,532,800,
2015-04-20,537,799,
2015-04-21,549,805,
2015-04-22,544,801,
2015-04-23,543,792,
2015-04-24,545,784,
2015-04-27,546,778,
2015-04-28,551,773,
2015-04-29,558,772,
2015-04-30,565,768,
2015-05-01,574,754,
2015-05-05,571,749,
2015-05-06,574,745,
2015-05-07,594,741,
2015-05-08,616,744,
2015-05-11,660,753,
2015-05-12,731,746,
2015-05-13,942,748,
2015-05-14,972,761,
2015-05-15,954,806,
2015-05-18,950,829,
2015-05-19,923,846,
2015-05-20,889,892,
2015-05-21,844,938,
2015-05-22,816,918,
2015-05-26,806,901,
2015-05-27,823,883,
2015-05-28,817,868,
2015-05-29,810,865,
2015-06-01,804,856,
2015-06-02,821,848,
2015-06-03,821,848,
2015-06-04,818,859,
2015-06-05,865,863,
2015-06-08,856,874,
2015-06-09,834,887,
2015-06-10,816,914,
2015-06-11,810,910,
2015-06-12,820,908,
2015-06-15,840,917,
2015-06-16,904,917,
2015-06-17,1045,931,
2015-06-18,1234,969,
2015-06-19,1241,1011,
2015-06-22,1248,1025,
2015-06-23,1300,1046,
2015-06-24,1428,1070,
2015-06-25,1432,1066,
2015-06-26,1393,1054,
2015-06-29,1346,1026,
2015-06-30,1292,989,
2015-07-01,1251,972,
2015-07-02,1226,952,
2015-07-03,1249,936,
2015-07-06,1266,916,
2015-07-07,1285,903,
2015-07-08,1278,888,
2015-07-09,1279,870,
2015-07-10,1318,857,
2015-07-13,1389,835,
2015-07-14,1394,827,
2015-07-15,1462,820,
2015-07-16,1611,824,
2015-07-17,1712,840,
2015-07-20,1763,846,
2015-07-21,1935,854,
2015-07-22,1952,849,
2015-07-23,1924,826,
2015-07-24,1896,817,
2015-07-27,1935,813,
2015-07-28,1990,803,
2015-07-29,2103,792,
2015-07-30,2116,776,
2015-07-31,2209,763,
2015-08-03,2308,755,
2015-08-04,2512,742,
2015-08-05,2604,735,
2015-08-06,2514,726,
2015-08-07,2512,713,
2015-08-10,2499,708,
2015-08-11,2367,694,
2015-08-12,2107,677,
2015-08-13,1875,673,
2015-08-14,1884,673,
2015-08-17,1913,668,
2015-08-18,1838,665,
2015-08-19,1773,654,
2015-08-20,1679,644,
2015-08-21,1559,632,
2015-08-24,1403,622,
2015-08-25,1248,611,
2015-08-26,1089,601,
2015-08-27,1051,595,
2015-08-28,1071,593,
2015-09-01,1176,598,
2015-09-02,1194,609,
2015-09-03,1195,616,
2015-09-04,1187,628,
2015-09-07,1243,633,
2015-09-08,1286,640,
2015-09-09,1256,639,
2015-09-10,1202,642,
2015-09-11,1198,640,
2015-09-14,1185,635,
2015-09-15,1196,629,
2015-09-16,1264,626,
2015-09-17,1637,639,
2015-09-18,1995,658,
2015-09-21,2096,666,
2015-09-22,1873,671,
2015-09-23,1872,674,
2015-09-24,1911,697,
2015-09-25,2024,705,
2015-09-28,2075,706,
2015-09-29,2031,703,
2015-09-30,1936,698,
2015-10-01,1911,715,
2015-10-02,1931,725,
2015-10-05,1901,745,
2015-10-06,1860,754,
2015-10-07,1742,774,
2015-10-08,1598,786,
2015-10-09,1549,790,
2015-10-12,1551,783,
2015-10-13,1531,778,
2015-10-14,1457,769,
2015-10-15,1368,771,
2015-10-16,1318,772,
2015-10-19,1312,771,
2015-10-20,1399,756,
2015-10-21,1483,751,
2015-10-22,1512,749,
2015-10-23,1461,739,
2015-10-26,1403,739,
2015-10-27,1307,737,
2015-10-28,1275,756,
2015-10-29,1254,744,
2015-10-30,1229,750,
2015-11-02,1184,788,
2015-11-03,1099,816,
2015-11-04,1043,823,
2015-11-05,1002,822,
2015-11-06,1003,822,
2015-11-09,1021,828,
2015-11-10,1018,831,
2015-11-11,946,835,
2015-11-12,881,852,
2015-11-13,809,853,
2015-11-16,770,861,
2015-11-17,733,863,
2015-11-18,671,871,
2015-11-19,619,879,
2015-11-20,606,883,
2015-11-23,698,887,
2015-11-24,731,888,
2015-11-25,807,890,
2015-11-26,898,891,
2015-11-27,989,899,
2015-11-30,1007,904,
2015-12-01,1046,907,
2015-12-02,1001,926,
2015-12-03,931,953,
2015-12-04,890,962,
2015-12-07,852,962,
2015-12-08,870,962,
2015-12-09,857,956,
2015-12-10,824,943,
2015-12-11,779,920,
2015-12-14,722,920,
2015-12-15,623,904,
2015-12-16,549,897,564.0
2015-12-17,524,898,565.0
2015-12-18,524,897,565.0
2015-12-21,512,897,568.0
2015-12-22,485,889,571.0
2015-12-23,469,879,577.0
2015-12-24,470,873,578.0
2016-01-04,472,869,580.0
2016-01-05,462,1065,688.0
2016-01-06,467,1057,712.0
2016-01-07,399,1051,719.0
2016-01-08,343,1043,716.0
2016-01-11,314,1016,716.0
2016-01-12,266,988,715.0
2016-01-13,245,957,718.0
2016-01-14,225,929,717.0
2016-01-15,198,906,712.0
2016-01-18,197,897,707.0
2016-01-19,185,882,702.0
2016-01-20,186,882,693.0
2016-01-21,206,876,691.0
2016-01-22,229,870,686.0
2016-01-25,254,859,686.0
2016-01-26,242,838,680.0
2016-01-27,235,820,674.0
2016-01-28,216,812,664.0
2016-01-29,211,806,650.0
2016-02-01,217,817,645.0
2016-02-02,217,815,635.0
2016-02-03,209,808,625.0
2016-02-04,208,802,615.0
2016-02-05,212,800,609.0
2016-02-08,207,795,588.0
2016-02-09,207,791,572.0
2016-02-10,208,787,554.0
2016-02-11,206,793,551.0
2016-02-12,199,813,541.0
2016-02-15,204,819,535.0
2016-02-16,223,816,528.0
2016-02-17,223,809,527.0
2016-02-18,220,807,528.0
2016-02-19,207,806,526.0
2016-02-22,197,799,524.0
2016-02-23,189,788,524.0
2016-02-24,186,779,522.0
2016-02-25,182,767,518.0
2016-02-26,177,751,519.0
2016-02-29,174,740,516.0
2016-03-01,174,730,515.0
2016-03-02,171,722,515.0
2016-03-03,166,717,517.0
2016-03-04,164,715,519.0
2016-03-07,161,720,518.0
2016-03-08,180,738,515.0
2016-03-09,178,756,500.0
2016-03-10,178,771,492.0
2016-03-11,176,794,494.0
2016-03-14,179,833,502.0
2016-03-15,186,861,505.0
2016-03-16,172,870,503.0
2016-03-17,178,865,500.0
2016-03-18,197,872,501.0
2016-03-21,197,866,499.0
2016-03-22,186,848,501.0
2016-03-23,196,819,499.0
2016-03-24,203,803,499.0
2016-03-29,207,809,497.0
2016-03-30,210,818,496.0
2016-03-31,270,837,494.0
2016-04-01,345,840,495.0
2016-04-04,424,833,495.0
2016-04-05,466,808,494.0
2016-04-06,477,786,495.0
2016-04-07,562,774,494.0
2016-04-08,656,752,498.0
2016-04-11,733,752,498.0
2016-04-12,744,755,498.0
2016-04-13,744,764,504.0
2016-04-14,831,782,514.0
2016-04-15,949,788,532.0
2016-04-18,1030,793,536.0
2016-04-19,1065,790,536.0
2016-04-20,1022,787,535.0
2016-04-21,1004,777,539.0
2016-04-22,1085,770,550.0
2016-04-25,1087,775,556.0
2016-04-26,1135,778,555.0
2016-04-27,1160,774,555.0
2016-04-28,1137,749,554.0
2016-04-29,1117,740,552.0
2016-05-03,1055,730,545.0
2016-05-04,954,717,534.0
2016-05-05,915,716,520.0
2016-05-06,892,713,519.0
2016-05-09,837,715,512.0
2016-05-10,752,715,508.0
2016-05-11,713,735,500.0
2016-05-12,724,735,496.0
2016-05-13,798,732,484.0
2016-05-16,854,732,477.0
2016-05-17,988,734,475.0
2016-05-18,954,736,469.0
2016-05-19,906,740,470.0
2016-05-20,870,747,473.0
2016-05-23,870,744,480.0
2016-05-24,848,731,487.0
2016-05-25,799,716,495.0
2016-05-26,793,723,501.0
2016-05-27,830,728,503.0
2016-05-31,854,735,500.0
2016-06-01,861,753,496.0
2016-06-02,854,762,495.0
2016-06-03,913,765,493.0
2016-06-06,922,759,490.0
2016-06-07,920,754,489.0
2016-06-08,973,739,487.0
2016-06-09,995,741,479.0
2016-06-10,1006,736,475.0
2016-06-13,1014,730,473.0
2016-06-14,1018,713,471.0
2016-06-15,1000,705,461.0
2016-06-16,976,712,449.0
2016-06-17,927,714,448.0
2016-06-20,897,718,443.0
2016-06-21,873,711,438.0
2016-06-22,878,705,433.0
2016-06-23,897,710,437.0
2016-06-24,913,713,442.0
2016-06-27,919,714,453.0
2016-06-28,936,703,457.0
2016-06-29,955,695,464.0
2016-06-30,996,694,464.0
2016-07-01,1030,691,464.0
2016-07-04,1049,686,462.0
2016-07-05,1034,679,456.0
2016-07-06,1019,673,448.0
2016-07-07,1008,672,439.0
2016-07-08,1002,669,437.0
2016-07-11,991,666,437.0
2016-07-12,987,654,436.0
2016-07-13,1010,639,432.0
2016-07-14,1020,628,433.0
2016-07-15,1023,620,435.0
2016-07-18,1016,612,442.0
2016-07-19,986,604,445.0
2016-07-20,937,599,450.0
2016-07-21,906,592,459.0
2016-07-22,895,589,462.0
2016-07-25,877,582,463.0
2016-07-26,841,579,461.0
2016-07-27,803,567,462.0
2016-07-28,780,559,464.0
2016-07-29,768,550,466.0
2016-08-01,757,541,465.0
2016-08-02,757,532,462.0
2016-08-03,758,523,459.0
2016-08-04,759,515,458.0
2016-08-05,770,509,458.0
2016-08-08,777,509,452.0
2016-08-09,770,505,447.0
2016-08-10,795,504,449.0
2016-08-11,833,500,449.0
2016-08-12,891,497,451.0
2016-08-15,920,496,450.0
2016-08-16,926,497,455.0
2016-08-17,885,497,460.0
2016-08-18,852,500,462.0
2016-08-19,843,501,461.0
2016-08-22,848,504,463.0
2016-08-23,861,506,462.0
2016-08-24,910,505,456.0
2016-08-25,974,512,454.0
2016-08-26,1001,515,455.0
2016-08-30,986,515,457.0
2016-08-31,978,510,455.0
2016-09-01,1002,515,447.0
2016-09-02,1054,514,441.0
2016-09-05,1079,516,437.0
2016-09-06,1182,517,434.0
2016-09-07,1371,528,427.0
2016-09-08,1478,537,421.0
2016-09-09,1566,536,416.0
2016-09-12,1581,542,408.0
2016-09-13,1607,543,402.0
2016-09-14,1444,548,396.0
2016-09-15,1487,549,389.0
2016-09-16,1680,555,386.0
2016-09-19,1853,561,383.0
2016-09-20,1964,566,387.0
2016-09-21,2118,588,389.0
2016-09-22,2389,602,382.0
2016-09-23,2383,606,380.0
2016-09-26,2325,611,378.0
2016-09-27,2298,618,379.0
2016-09-28,2196,638,375.0
2016-09-29,2067,644,365.0
2016-09-30,2008,638,358.0
2016-10-03,1971,625,352.0
2016-10-04,1970,622,349.0
2016-10-05,2012,616,347.0
2016-10-06,2218,613,346.0
2016-10-07,2245,619,350.0
2016-10-10,2235,621,354.0
2016-10-11,2235,626,357.0
2016-10-12,2154,633,361.0
2016-10-13,2018,641,367.0
2016-10-14,2018,657,385.0
2016-10-17,2003,673,390.0
2016-10-18,1950,674,395.0
2016-10-19,1826,681,407.0
2016-10-20,1637,686,418.0
2016-10-21,1575,692,422.0
2016-10-24,1471,691,428.0
2016-10-25,1348,680,434.0
2016-10-26,1275,667,434.0
2016-10-27,1248,658,430.0
2016-10-28,1417,657,426.0
2016-10-31,1534,660,423.0
2016-11-01,1443,656,417.0
2016-11-02,1451,655,505.0
2016-11-03,1544,670,471.0
2016-11-04,1593,667,445.0
2016-11-07,1636,665,424.0
2016-11-08,1786,659,409.0
2016-11-09,1954,661,398.0
2016-11-10,2010,682,394.0
2016-11-11,2303,744,391.0
2016-11-14,2338,750,395.0
2016-11-15,2282,740,398.0
2016-11-16,2441,740,411.0
2016-11-17,2731,786,430.0
2016-11-18,2752,831,437.0
2016-11-21,2638,828,447.0
2016-11-22,2598,834,456.0
2016-11-23,2507,862,459.0
2016-11-24,2374,870,459.0
2016-11-25,2263,886,460.0
2016-11-28,2260,892,456.0
2016-11-29,2304,896,448.0
2016-11-30,2263,895,443.0
2016-12-01,2206,891,439.0
2016-12-02,2193,878,436.0
2016-12-05,2137,889,434.0
2016-12-06,2067,887,437.0
2016-12-07,1935,863,439.0
2016-12-08,1724,868,440.0
2016-12-09,1575,889,441.0
2016-12-12,1464,903,443.0
2016-12-13,1404,887,442.0
2016-12-14,1169,889,446.0
2016-12-15,1058,895,470.0
2016-12-16,1048,909,491.0
2016-12-19,1039,911,522.0
2016-12-20,1044,910,552.0
2016-12-21,1144,920,595.0
2016-12-22,1219,945,668.0
2016-12-23,1385,936,675.0
2017-01-03,1538,919,678.0
2017-01-04,1674,1088,867.0
2017-01-05,1759,1053,861.0
2017-01-06,1658,1024,854.0
2017-01-09,1598,1026,846.0
2017-01-10,1470,1013,800.0
2017-01-11,1326,1017,775.0
2017-01-12,1294,1018,746.0
2017-01-13,1383,1024,707.0
2017-01-16,1468,1027,684.0
2017-01-17,1509,1018,660.0
2017-01-18,1673,1001,642.0
2017-01-19,1665,1006,632.0
2017-01-20,1610,1002,616.0
2017-01-23,1579,997,619.0
2017-01-24,1466,995,624.0
2017-01-25,1369,987,619.0
2017-01-26,1287,977,621.0
2017-01-27,1239,965,615.0
2017-01-30,1205,946,614.0
2017-01-31,1167,930,606.0
2017-02-01,1122,901,603.0
2017-02-02,1064,877,595.0
2017-02-03,981,864,591.0
2017-02-06,911,858,585.0
2017-02-07,803,856,582.0
2017-02-08,725,846,580.0
2017-02-09,728,842,581.0
2017-02-10,687,846,581.0
2017-02-13,609,847,582.0
2017-02-14,567,851,577.0
2017-02-15,556,862,586.0
2017-02-16,620,850,596.0
2017-02-17,739,869,605.0
2017-02-20,791,863,612.0
2017-02-21,856,859,613.0
2017-02-22,951,857,612.0
2017-02-23,1134,852,614.0
2017-02-24,1165,856,614.0
2017-02-27,1151,857,609.0
2017-02-28,1021,847,606.0
2017-03-01,994,835,601.0
2017-03-02,1097,831,601.0
2017-03-03,1227,837,603.0
2017-03-06,1345,841,611.0
2017-03-07,1556,838,617.0
2017-03-08,1578,839,620.0
2017-03-09,1678,859,634.0
2017-03-10,1789,862,638.0
2017-03-13,1843,850,644.0
2017-03-14,1929,850,646.0
2017-03-15,2136,847,660.0
2017-03-16,2265,835,680.0
2017-03-17,2413,832,701.0
2017-03-20,2466,824,720.0
2017-03-21,2441,824,748.0
2017-03-22,2378,826,767.0
2017-03-23,2345,816,790.0
2017-03-24,2482,812,807.0
2017-03-27,2620,804,806.0
2017-03-28,2765,799,803.0
2017-03-29,2755,802,792.0
2017-03-30,2690,800,784.0
2017-03-31,2597,794,771.0
2017-04-03,2518,790,751.0
2017-04-04,2382,781,739.0
2017-04-05,2229,778,704.0
2017-04-06,2184,773,679.0
2017-04-07,2173,777,672.0
2017-04-10,2165,775,665.0
2017-04-11,2227,776,661.0
2017-04-12,2252,776,646.0
2017-04-13,2249,790,639.0
2017-04-18,2220,800,645.0
2017-04-19,2130,814,638.0
2017-04-20,1991,819,643.0
2017-04-21,1830,819,660.0
2017-04-24,1780,812,661.0
2017-04-25,1767,812,654.0
2017-04-26,1790,802,646.0
2017-04-27,1798,797,637.0
2017-04-28,1779,786,620.0
2017-05-02,1668,785,613.0
2017-05-03,1542,778,590.0
2017-05-04,1458,767,579.0
2017-05-05,1480,768,570.0
2017-05-08,1571,774,566.0
2017-05-09,1635,775,558.0
2017-05-10,1645,772,550.0
2017-05-11,1695,763,546.0
2017-05-12,1725,748,545.0
2017-05-15,1661,741,540.0
2017-05-16,1632,742,536.0
2017-05-17,1590,737,522.0
2017-05-18,1638,757,523.0
2017-05-19,1668,765,516.0
2017-05-22,1704,785,513.0
2017-05-23,1706,799,516.0
2017-05-24,1654,821,520.0
2017-05-25,1595,825,538.0
2017-05-26,1591,814,540.0
2017-05-30,1564,807,549.0
2017-05-31,1511,785,556.0
2017-06-01,1430,768,558.0
2017-06-02,1374,756,559.0
2017-06-05,1353,742,554.0
2017-06-06,1366,733,548.0
2017-06-07,1379,718,546.0
2017-06-08,1381,708,545.0
2017-06-09,1438,705,540.0
2017-06-12,1481,702,539.0
2017-06-13,1442,700,533.0
2017-06-14,1362,699,529.0
2017-06-15,1277,705,522.0
2017-06-16,1213,704,517.0
2017-06-19,1169,702,522.0
2017-06-20,1110,699,521.0
2017-06-21,1020,690,527.0
2017-06-22,993,688,537.0
2017-06-23,987,686,546.0
2017-06-26,1005,683,559.0
2017-06-27,1066,681,564.0
2017-06-28,1170,671,570.0
2017-06-29,1146,670,568.0
2017-06-30,1086,668,569.0
2017-07-03,1032,663,563.0
2017-07-04,997,659,562.0
2017-07-05,901,656,563.0
2017-07-06,818,656,566.0
2017-07-07,753,647,583.0
2017-07-10,730,649,580.0
2017-07-11,755,651,569.0
2017-07-12,846,651,567.0
2017-07-13,928,647,565.0
2017-07-14,933,644,557.0
2017-07-17,933,644,551.0
2017-07-18,984,648,549.0
2017-07-19,1028,643,546.0
2017-07-20,1093,642,545.0
2017-07-21,1154,649,548.0
2017-07-24,1171,655,550.0
2017-07-25,1221,649,549.0
2017-07-26,1206,646,556.0
2017-07-27,1138,647,551.0
2017-07-28,1139,644,545.0
2017-07-31,1225,640,544.0
2017-08-01,1331,639,541.0
2017-08-02,1475,632,543.0
2017-08-03,1602,632,552.0
2017-08-04,1637,628,556.0
2017-08-07,1655,619,556.0
2017-08-08,1659,614,556.0
2017-08-09,1702,616,556.0
2017-08-10,1837,618,555.0
2017-08-11,2013,620,552.0
2017-08-14,2093,621,551.0
2017-08-15,2155,618,546.0
2017-08-16,2324,617,530.0
2017-08-17,2542,620,517.0
2017-08-18,2574,618,520.0
2017-08-21,2584,621,511.0
2017-08-22,2489,622,511.0
2017-08-23,2382,621,511.0
2017-08-24,2333,620,510.0
2017-08-25,2406,627,508.0
2017-08-29,2381,643,521.0
2017-08-30,2282,659,564.0
2017-08-31,2293,667,648.0
2017-09-01,2264,677,703.0
2017-09-04,2243,682,737.0
2017-09-05,2313,691,674.0
2017-09-06,2438,698,624.0
2017-09-07,2614,699,607.0
2017-09-08,2767,701,609.0
2017-09-11,2813,707,590.0
2017-09-12,2724,715,580.0
2017-09-13,2628,725,560.0
2017-09-14,2642,732,548.0
2017-09-15,2685,739,545.0
2017-09-18,2681,744,548.0
2017-09-19,2723,744,575.0
2017-09-20,2861,740,587.0
2017-09-21,2948,751,610.0
2017-09-22,3147,760,617.0
2017-09-25,3173,772,621.0
2017-09-26,3101,781,629.0
2017-09-27,2942,780,652.0
2017-09-28,2824,783,666.0
2017-09-29,2738,782,671.0
2017-10-02,2671,776,667.0
2017-10-03,2618,775,651.0
2017-10-04,2667,758,634.0
2017-10-05,2888,760,622.0
2017-10-06,2929,766,617.0
2017-10-09,2906,776,615.0
2017-10-10,2894,783,609.0
2017-10-11,2882,818,599.0
2017-10-12,2859,856,591.0
2017-10-13,2871,870,573.0
2017-10-16,2980,903,563.0
2017-10-17,3079,913,551.0
2017-10-18,3134,916,544.0
2017-10-19,3186,907,540.0
2017-10-20,3145,902,531.0
2017-10-23,3187,896,527.0
2017-10-24,3202,899,520.0
2017-10-25,3202,901,515.0
2017-10-26,3182,912,515.0
2017-10-27,3220,920,516.0
2017-10-30,3217,914,524.0
2017-10-31,3219,904,523.0
2017-11-01,3137,871,528.0
2017-11-02,3059,867,534.0
2017-11-03,3036,855,539.0
2017-11-06,3044,843,540.0
2017-11-07,3101,820,542.0
2017-11-08,3259,814,542.0
2017-11-09,3349,807,544.0
2017-11-10,3360,802,546.0
2017-11-13,3351,803,550.0
2017-11-14,3209,796,556.0
2017-11-15,3108,790,570.0
2017-11-16,3084,787,582.0
2017-11-17,3153,790,594.0
2017-11-20,3214,809,590.0
2017-11-21,3255,827,594.0
2017-11-22,3298,827,595.0
2017-11-23,3420,826,599.0
2017-11-24,3453,820,600.0
2017-11-27,3540,812,602.0
2017-11-28,3659,798,603.0
2017-11-29,3740,799,611.0
2017-11-30,3848,794,615.0
2017-12-01,4025,806,634.0
2017-12-04,4129,820,649.0
2017-12-05,4115,821,677.0
2017-12-06,4126,822,688.0
2017-12-07,4147,824,685.0
2017-12-08,4193,823,679.0
2017-12-11,4272,814,686.0
2017-12-12,4293,814,684.0
2017-12-13,4211,812,686.0
2017-12-14,3936,812,694.0
2017-12-15,3777,814,702.0
2017-12-18,3656,815,707.0
2017-12-19,3510,820,722.0
2017-12-20,3216,824,723.0
2017-12-21,3115,825,722.0
2017-12-22,2830,831,719.0
2018-01-02,2281,827,720.0
2018-01-03,2426,700,655.0
2018-01-04,2715,683,653.0
2018-01-05,2791,676,653.0
2018-01-08,2826,680,656.0
2018-01-09,2820,682,646.0
2018-01-10,2677,691,628.0
2018-01-11,2384,685,616.0
2018-01-12,2296,681,609.0
2018-01-15,2231,684,602.0
2018-01-16,2010,693,583.0
2018-01-17,1743,717,569.0
2018-01-18,1611,715,566.0
2018-01-19,1493,707,570.0
2018-01-22,1445,705,567.0
2018-01-23,1525,702,564.0
2018-01-24,1676,694,569.0
2018-01-25,1752,691,571.0
2018-01-26,1772,683,589.0
2018-01-29,1784,682,623.0
2018-01-30,1748,679,637.0
2018-01-31,1613,670,628.0
2018-02-01,1528,664,602.0
2018-02-02,1470,661,598.0
2018-02-05,1433,658,606.0
2018-02-06,1519,654,606.0
2018-02-07,1578,648,615.0
2018-02-08,1662,648,614.0
2018-02-09,1790,643,619.0
2018-02-12,1824,642,632.0
2018-02-13,1793,640,634.0
2018-02-14,1721,637,642.0
2018-02-15,1663,642,638.0
2018-02-16,1608,649,630.0
2018-02-19,1597,649,628.0
2018-02-20,1678,645,623.0
2018-02-21,1717,641,613.0
2018-02-22,1725,640,617.0
2018-02-23,1722,645,618.0
2018-02-26,1680,646,622.0
2018-02-27,1595,652,618.0
2018-02-28,1560,658,621.0
2018-03-01,1568,658,622.0
2018-03-02,1592,662,604.0
2018-03-05,1597,669,600.0
2018-03-06,1587,664,598.0
2018-03-07,1495,654,596.0
2018-03-08,1489,648,590.0
2018-03-09,1479,651,585.0
2018-03-12,1425,653,580.0
2018-03-13,1362,648,577.0
2018-03-14,1312,642,567.0
2018-03-15,1238,641,563.0
2018-03-16,1203,639,564.0
2018-03-19,1171,635,564.0
2018-03-20,1112,636,559.0
2018-03-21,1109,645,561.0
2018-03-22,1129,649,560.0
2018-03-23,1157,652,554.0
2018-03-26,1197,656,557.0
2018-03-27,1191,658,563.0
2018-03-28,1065,662,563.0
2018-03-29,1010,662,563.0
2018-04-03,924,661,560.0
2018-04-04,841,651,543.0
2018-04-05,809,648,520.0
2018-04-06,824,646,510.0
2018-04-09,854,643,501.0
2018-04-10,930,637,498.0
2018-04-11,940,631,510.0
2018-04-12,982,628,523.0
2018-04-13,1038,639,525.0
2018-04-16,1061,640,529.0
2018-04-17,1152,638,535.0
2018-04-18,1402,636,538.0
2018-04-19,1668,635,554.0
2018-04-20,1915,637,557.0
2018-04-23,2009,637,558.0
2018-04-24,2130,639,555.0
2018-04-25,2314,637,557.0
2018-04-26,2306,639,563.0
2018-04-27,2251,648,571.0
2018-04-30,2173,655,571.0
2018-05-01,2136,656,567.0
2018-05-02,2197,655,560.0
2018-05-03,2308,647,545.0
2018-05-04,2337,648,546.0
2018-05-08,2482,650,545.0
2018-05-09,2616,655,541.0
2018-05-10,2565,656,541.0
2018-05-11,2630,656,540.0
2018-05-14,2635,657,542.0
2018-05-15,2602,656,540.0
2018-05-16,2407,667,532.0
2018-05-17,2106,681,529.0
2018-05-18,2053,692,524.0
2018-05-21,1957,714,525.0
2018-05-22,1854,729,526.0
2018-05-23,1759,748,535.0
2018-05-24,1551,761,546.0
2018-05-25,1395,776,558.0
2018-05-29,1324,781,563.0
2018-05-30,1276,779,569.0
2018-05-31,1401,768,555.0
2018-06-01,1602,754,555.0
2018-06-04,1712,754,549.0
2018-06-05,1835,749,546.0
2018-06-06,2088,745,541.0
2018-06-07,2220,735,538.0
2018-06-08,2151,731,535.0
2018-06-11,2091,734,531.0
2018-06-12,2068,746,525.0
2018-06-13,2091,751,522.0
2018-06-14,2184,768,518.0
2018-06-15,2223,760,518.0
2018-06-18,2228,746,515.0
2018-06-19,2187,736,511.0
2018-06-20,2090,743,507.0
2018-06-21,2038,743,506.0
2018-06-22,2011,742,507.0
2018-06-25,2001,745,506.0
2018-06-26,1986,745,503.0
2018-06-27,1942,735,500.0
2018-06-28,2025,727,496.0
2018-06-29,2170,724,493.0
2018-07-02,2304,712,496.0
2018-07-03,2478,705,500.0
2018-07-04,2743,702,501.0
2018-07-05,3013,705,501.0
2018-07-06,3086,710,502.0
2018-07-09,3016,721,502.0
2018-07-10,2792,729,501.0
2018-07-11,2793,732,499.0
2018-07-12,3041,741,499.0
2018-07-13,3156,738,500.0
2018-07-16,3238,744,499.0
2018-07-17,3335,738,499.0
2018-07-18,3230,723,494.0
2018-07-19,3130,714,494.0
2018-07-20,3205,713,496.0
2018-07-23,3304,723,500.0
2018-07-24,3461,727,507.0
2018-07-25,3462,748,511.0
2018-07-26,3303,753,512.0
2018-07-27,3197,755,508.0
2018-07-30,3280,759,503.0
2018-07-31,3471,768,500.0
2018-08-01,3515,768,498.0
2018-08-02,3534,760,492.0
2018-08-03,3632,756,490.0
2018-08-06,3654,758,487.0
2018-08-07,3550,749,483.0
2018-08-08,3483,733,480.0
2018-08-09,3472,725,478.0
2018-08-10,3480,717,479.0
2018-08-13,3536,713,489.0
2018-08-14,3587,715,492.0
2018-08-15,3560,723,492.0
2018-08-16,3476,731,491.0
2018-08-17,3454,736,490.0
2018-08-20,3424,753,489.0
2018-08-21,3426,774,486.0
2018-08-22,3371,792,484.0
2018-08-23,3232,791,481.0
2018-08-24,3164,794,480.0
2018-08-28,3088,804,479.0
2018-08-29,2994,795,478.0
2018-08-30,2826,789,476.0
2018-08-31,2732,787,484.0
2018-09-03,2672,786,501.0
2018-09-04,2535,780,499.0
2018-09-05,2410,772,516.0
2018-09-06,2424,778,526.0
2018-09-07,2411,778,534.0
2018-09-10,2363,785,532.0
2018-09-11,2191,784,532.0
2018-09-12,2074,774,520.0
2018-09-13,1980,769,518.0
2018-09-14,1900,770,511.0
2018-09-17,1853,765,513.0
2018-09-18,1826,763,508.0
2018-09-19,1850,766,502.0
2018-09-20,1838,773,499.0
2018-09-21,1840,780,503.0
2018-09-24,1864,791,511.0
2018-09-25,1868,794,516.0
2018-09-26,1910,801,521.0
2018-09-27,1949,804,531.0
2018-09-28,2000,805,541.0
2018-10-01,2061,791,550.0
2018-10-02,2148,793,549.0
2018-10-03,2199,801,551.0
2018-10-04,2148,808,558.0
2018-10-05,2081,837,587.0
2018-10-08,2042,853,596.0
2018-10-09,1961,858,590.0
2018-10-10,1949,875,592.0
2018-10-11,2005,890,597.0
2018-10-12,2169,913,594.0
2018-10-15,2189,921,598.0
2018-10-16,2164,922,600.0
2018-10-17,2106,947,600.0
2018-10-18,2176,963,598.0
2018-10-19,2230,988,589.0
2018-10-22,2296,1024,587.0
2018-10-23,2363,1051,582.0
2018-10-24,2388,1066,577.0
2018-10-25,2353,1099,569.0
2018-10-26,2526,1121,571.0
2018-10-29,2607,1141,573.0
2018-10-30,2630,1153,571.0
2018-10-31,2596,1150,567.0
2018-11-01,2530,1157,569.0
2018-11-02,2502,1152,574.0
2018-11-05,2397,1143,576.0
2018-11-06,2296,1134,583.0
2018-11-07,1968,1116,608.0
2018-11-08,1747,1104,614.0
2018-11-09,1461,1097,634.0
2018-11-12,1398,1092,652.0
2018-11-13,1153,1086,654.0
2018-11-14,940,1082,652.0
2018-11-15,1007,1091,651.0
2018-11-16,1057,1099,649.0
2018-11-19,1050,1106,646.0
2018-11-20,1002,1103,645.0
2018-11-21,1056,1107,643.0
2018-11-22,1089,1104,650.0
2018-11-23,1358,1126,654.0
2018-11-26,1789,1130,660.0
2018-11-27,2170,1127,669.0
2018-11-28,2121,1131,695.0
2018-11-29,1950,1133,750.0
2018-11-30,1755,1135,780.0
2018-12-03,1638,1132,792.0
2018-12-04,1739,1129,840.0
2018-12-05,1925,1146,861.0
2018-12-06,2080,1160,876.0
2018-12-07,2197,1168,886.0
2018-12-10,2244,1167,894.0
2018-12-11,2183,1180,897.0
2018-12-12,2153,1212,909.0
2018-12-13,2180,1218,919.0
2018-12-14,2383,1223,917.0
2018-12-17,2433,1223,909.0
2018-12-18,2393,1230,895.0
2018-12-19,2264,1240,860.0
2018-12-20,2071,1266,844.0
2018-12-21,1913,1258,833.0
2018-12-24,1905,1256,823.0
2019-01-02,1987,1009,666.0
2019-01-03,1963,999,657.0
2019-01-04,2003,982,656.0
2019-01-07,2016,973,666.0
2019-01-08,2117,967,684.0
2019-01-09,2078,957,683.0
2019-01-10,1987,930,674.0
2019-01-11,1966,929,667.0
2019-01-14,1952,925,659.0
2019-01-15,1831,920,655.0
2019-01-16,1748,899,665.0
2019-01-17,1868,891,665.0
2019-01-18,2037,873,661.0
2019-01-21,2024,875,659.0
2019-01-22,1892,868,664.0
2019-01-23,1775,866,668.0
2019-01-24,1726,875,668.0
2019-01-25,1730,877,672.0
2019-01-28,1631,874,669.0
2019-01-29,1508,872,667.0
2019-01-30,1295,859,659.0
2019-01-31,1116,848,653.0
2019-02-01,1014,843,649.0
2019-02-04,984,824,640.0
2019-02-05,972,806,636.0
2019-02-06,929,805,633.0
2019-02-07,846,797,629.0
2019-02-08,792,795,624.0
2019-02-11,736,791,618.0
2019-02-12,711,790,624.0
2019-02-13,707,798,618.0
2019-02-14,729,806,613.0
2019-02-15,727,818,609.0
2019-02-18,713,819,605.0
2019-02-19,650,828,607.0
2019-02-20,578,831,605.0
2019-02-21,570,828,594.0
2019-02-22,545,823,595.0
2019-02-25,520,801,588.0
2019-02-26,522,799,583.0
2019-02-27,500,796,580.0
2019-02-28,459,781,576.0
2019-03-01,383,774,575.0
2019-03-04,355,762,581.0
2019-03-05,299,754,585.0
2019-03-06,270,753,584.0
2019-03-07,236,747,577.0
2019-03-08,235,742,575.0
2019-03-11,250,737,575.0
2019-03-12,278,743,580.0
2019-03-13,327,740,588.0
2019-03-14,403,737,603.0
2019-03-15,520,735,606.0
2019-03-18,476,730,613.0
2019-03-19,421,715,627.0
2019-03-20,399,705,634.0
2019-03-21,288,700,650.0
2019-03-22,251,695,669.0
2019-03-25,230,688,684.0
2019-03-26,190,678,703.0
2019-03-27,178,663,723.0
2019-03-28,167,651,744.0
2019-03-29,150,648,737.0
2019-04-01,122,640,734.0
2019-04-02,92,632,709.0
2019-04-03,104,623,676.0
2019-04-04,210,618,644.0
2019-04-05,276,617,614.0
2019-04-08,312,610,604.0
2019-04-09,375,618,600.0
2019-04-10,428,620,596.0
2019-04-11,423,634,592.0
2019-04-12,418,639,586.0
2019-04-15,445,639,577.0
2019-04-16,459,643,574.0
2019-04-17,463,652,584.0
2019-04-18,490,653,576.0
2019-04-23,572,644,571.0
2019-04-24,648,636,573.0
2019-04-25,691,635,586.0
2019-04-26,783,640,584.0
2019-04-29,884,638,581.0
2019-04-30,1276,634,567.0
2019-05-01,1389,635,553.0
2019-05-02,1420,638,546.0
2019-05-03,1290,645,536.0
2019-05-07,1119,662,514.0
2019-05-08,1159,672,523.0
2019-05-09,1270,680,521.0
2019-05-10,1371,697,516.0
2019-05-13,1405,703,510.0
2019-05-14,1462,704,505.0
2019-05-15,1417,697,504.0
2019-05-16,1428,683,507.0
2019-05-17,1463,678,512.0
2019-05-20,1470,674,516.0
2019-05-21,1501,673,521.0
2019-05-22,1537,672,522.0
2019-05-23,1558,666,524.0
2019-05-24,1545,665,527.0
2019-05-28,1585,658,539.0
2019-05-29,1659,651,541.0
2019-05-30,1623,643,538.0
2019-05-31,1620,636,537.0
2019-06-03,1650,634,523.0
2019-06-04,1739,633,515.0
2019-06-05,1806,632,518.0
2019-06-06,1826,635,521.0
2019-06-07,1862,643,521.0
2019-06-10,1848,645,517.0
2019-06-11,1798,654,507.0
2019-06-12,1746,653,499.0
2019-06-13,1718,657,494.0
2019-06-14,1800,662,491.0
2019-06-17,1826,668,492.0
2019-06-18,1956,677,495.0
2019-06-19,2051,676,498.0
2019-06-20,2080,681,505.0
2019-06-21,2278,679,510.0
2019-06-24,2363,678,543.0
2019-06-25,2389,679,550.0
2019-06-26,2440,678,543.0
2019-06-27,2465,677,536.0
2019-06-28,2488,680,539.0
2019-07-01,2557,679,543.0
2019-07-02,2717,673,547.0
2019-07-03,2939,660,551.0
2019-07-04,3298,652,545.0
2019-07-05,3346,650,542.0
2019-07-08,3260,645,536.0
2019-07-09,3343,640,529.0
2019-07-10,3361,633,524.0
2019-07-11,3416,631,525.0
2019-07-12,3541,628,524.0
2019-07-15,3724,627,523.0
2019-07-16,3968,623,513.0
2019-07-17,4095,627,501.0
2019-07-18,4256,625,491.0
2019-07-19,4379,622,480.0
2019-07-22,4438,624,478.0
2019-07-23,4315,626,473.0
2019-07-24,3808,628,471.0
2019-07-25,3609,634,469.0
2019-07-26,3647,634,466.0
2019-07-29,3660,632,461.0
2019-07-30,3664,624,455.0
2019-07-31,3657,621,456.0
